order,id,date,time,title,url,visitCount,typedCount,transition
0,140,11/19/2024,16:14:07,Mercedes Vito w147 årg. 2014 >: - dba.dk - Køb og Salg af Nyt og Brugt,https://www.dba.dk/mercedes-vito-w147-aarg-2014/id-1118893555/,1,0,link
1,139,11/19/2024,16:14:07,"Sortiment reol, Würth - dba.dk - Køb og Salg af Nyt og Brugt",https://www.dba.dk/sortiment-reol-wurth-fin/id-1118894463/,1,0,link
2,138,11/19/2024,16:14:04,Biltilbehør og reservedele til salg på DBA,https://www.dba.dk/biltilbehoer/,1,0,link
3,137,11/19/2024,16:14:01,Andet håndværktøj - dba.dk - Køb og Salg af Nyt og Brugt,https://www.dba.dk/andet-haandvaerktoej-vinkelsa/id-1118891679/,1,0,link
4,128,11/19/2024,16:14:00,"Tænger, Rørtang / vandpumpetang - dba.dk - Køb og Salg af Nyt og Brugt",https://www.dba.dk/taenger-roertang/id-1115104565/,2,1,link
5,136,11/19/2024,16:14:00,"Retro julepynt, 19 stk. - dba.dk - Køb og Salg af Nyt og Brugt",https://www.dba.dk/retro-julepynt-19-stk/id-1117790050/,1,0,link
6,135,11/19/2024,16:13:59,"Shorts, Shorts, Adidas - dba.dk - Køb og Salg af Nyt og Brugt",https://www.dba.dk/shorts-shorts-adidas-str/id-1070641288/,1,0,link
7,134,11/19/2024,16:13:59,"LP, Div. kunstnere, Angel - The - dba.dk - Køb og Salg af Nyt og Brugt",https://www.dba.dk/lp-div-kunstnere-angel/id-1116511039/,1,0,link
8,133,11/19/2024,16:13:59,"NHL Hitz 2003, PS2 - dba.dk - Køb og Salg af Nyt og Brugt",https://www.dba.dk/nhl-hitz-2003-ps2-nhl-hit/id-1071579219/,1,0,link
9,132,11/19/2024,16:13:58,"Rørtang, Bahco 142 - dba.dk - Køb og Salg af Nyt og Brugt",https://www.dba.dk/roertang-bahco-142-roert/id-1118892923/,1,0,link
10,131,11/19/2024,16:13:58,"Andet håndværktøj, Milwaukee - dba.dk - Køb og Salg af Nyt og Brugt",https://www.dba.dk/andet-haandvaerktoej-milwauke/id-1118880394/,1,0,link
11,130,11/19/2024,16:13:57,"Økse, Urafors - dba.dk - Køb og Salg af Nyt og Brugt",https://www.dba.dk/oekse-urafors-barkspade-fr/id-1118878201/,1,0,link
12,129,11/19/2024,16:13:54,"Nyt og brugt, køb og salg på DBA - Danmarks største handelsportal",https://www.dba.dk/,1,0,link
13,128,11/18/2024,16:44:46,"Tænger, Rørtang / vandpumpetang - dba.dk - Køb og Salg af Nyt og Brugt",https://www.dba.dk/taenger-roertang/id-1115104565/,2,1,typed
14,127,11/18/2024,16:40:33,Canon EOS 250D - Cameras - Holte | Facebook Marketplace | Facebook,https://www.facebook.com/marketplace/item/567811955689582/?ref=browse_tab&referral_code=marketplace_general&referral_story_type=general&tracking=%7B%22qid%22%3A%22-885528862351211502%22%2C%22mf_story_key%22%3A%221830950935403210455%22%2C%22top_level_post_id%22%3A%221830950935403210455%22%2C%22commerce_rank_obj%22%3A%22%7B%5C%22target_id%5C%22%3A1830950935403210455%2C%5C%22target_type%5C%22%3A6%2C%5C%22primary_position%5C%22%3A1%2C%5C%22ranking_signature%5C%22%3A3184828886834684808%2C%5C%22commerce_channel%5C%22%3A501%2C%5C%22value%5C%22%3A6.0070035479424e-6%2C%5C%22upsell_type%5C%22%3A3522%2C%5C%22candidate_retrieval_source_map%5C%22%3A%7B%5C%228547163821985765%5C%22%3A3043%2C%5C%228412088302233694%5C%22%3A3020%2C%5C%229277557932268380%5C%22%3A3043%2C%5C%229134470416586167%5C%22%3A3020%2C%5C%228876260792384935%5C%22%3A3020%2C%5C%228945983568755656%5C%22%3A3043%7D%2C%5C%22grouping_info%5C%22%3Anull%7D%22%2C%22lightning_feed_qid%22%3A%22-885528862351211502%22%2C%22lightning_feed_ranking_signature%22%3A%223184828886834684808%22%7D,1,0,link
15,126,11/18/2024,16:40:33,Canon EOS 250D - Cameras - Holte | Facebook Marketplace,https://www.facebook.com/marketplace/item/567811955689582/?ref=browse_tab&referral_code=marketplace_general&referral_story_type=general&tracking=%7B%22qid%22%3A%22-885528862351211502%22%2C%22mf_story_key%22%3A%221830950935403210455%22%2C%22top_level_post_id%22%3A%221830950935403210455%22%2C%22commerce_rank_obj%22%3A%22%7B%5C%22target_id%5C%22%3A1830950935403210455%2C%5C%22target_type%5C%22%3A6%2C%5C%22primary_position%5C%22%3A1%2C%5C%22ranking_signature%5C%22%3A3184828886834684808%2C%5C%22commerce_channel%5C%22%3A501%2C%5C%22value%5C%22%3A6.0070035479424e-6%2C%5C%22upsell_type%5C%22%3A3522%2C%5C%22candidate_retrieval_source_map%5C%22%3A%7B%5C%228547163821985765%5C%22%3A3043%2C%5C%228412088302233694%5C%22%3A3020%2C%5C%229277557932268380%5C%22%3A3043%2C%5C%229134470416586167%5C%22%3A3020%2C%5C%228876260792384935%5C%22%3A3020%2C%5C%228945983568755656%5C%22%3A3043%7D%2C%5C%22grouping_info%5C%22%3Anull%7D%22%2C%22lightning_feed_qid%22%3A%22-885528862351211502%22%2C%22lightning_feed_ranking_signature%22%3A%223184828886834684808%22%7D&__tn__=!%3AD,1,0,link
16,125,11/18/2024,16:40:33,Canon Zoemini C digitalkamera - Cameras - Køge | Facebook Marketplace | Facebook,https://www.facebook.com/marketplace/item/3920932644829742/?ref=browse_tab&referral_code=marketplace_general&referral_story_type=general&tracking=%7B%22qid%22%3A%22-885528862351211502%22%2C%22mf_story_key%22%3A%221830950935403210455%22%2C%22top_level_post_id%22%3A%221830950935403210455%22%2C%22commerce_rank_obj%22%3A%22%7B%5C%22target_id%5C%22%3A1830950935403210455%2C%5C%22target_type%5C%22%3A6%2C%5C%22primary_position%5C%22%3A1%2C%5C%22ranking_signature%5C%22%3A3184828886834684808%2C%5C%22commerce_channel%5C%22%3A501%2C%5C%22value%5C%22%3A6.0070035479424e-6%2C%5C%22upsell_type%5C%22%3A3522%2C%5C%22candidate_retrieval_source_map%5C%22%3A%7B%5C%228547163821985765%5C%22%3A3043%2C%5C%228412088302233694%5C%22%3A3020%2C%5C%229277557932268380%5C%22%3A3043%2C%5C%229134470416586167%5C%22%3A3020%2C%5C%228876260792384935%5C%22%3A3020%2C%5C%228945983568755656%5C%22%3A3043%7D%2C%5C%22grouping_info%5C%22%3Anull%7D%22%2C%22lightning_feed_qid%22%3A%22-885528862351211502%22%2C%22lightning_feed_ranking_signature%22%3A%223184828886834684808%22%7D,1,0,link
17,124,11/18/2024,16:40:33,Canon Zoemini C digitalkamera - Cameras - Køge | Facebook Marketplace,https://www.facebook.com/marketplace/item/3920932644829742/?ref=browse_tab&referral_code=marketplace_general&referral_story_type=general&tracking=%7B%22qid%22%3A%22-885528862351211502%22%2C%22mf_story_key%22%3A%221830950935403210455%22%2C%22top_level_post_id%22%3A%221830950935403210455%22%2C%22commerce_rank_obj%22%3A%22%7B%5C%22target_id%5C%22%3A1830950935403210455%2C%5C%22target_type%5C%22%3A6%2C%5C%22primary_position%5C%22%3A1%2C%5C%22ranking_signature%5C%22%3A3184828886834684808%2C%5C%22commerce_channel%5C%22%3A501%2C%5C%22value%5C%22%3A6.0070035479424e-6%2C%5C%22upsell_type%5C%22%3A3522%2C%5C%22candidate_retrieval_source_map%5C%22%3A%7B%5C%228547163821985765%5C%22%3A3043%2C%5C%228412088302233694%5C%22%3A3020%2C%5C%229277557932268380%5C%22%3A3043%2C%5C%229134470416586167%5C%22%3A3020%2C%5C%228876260792384935%5C%22%3A3020%2C%5C%228945983568755656%5C%22%3A3043%7D%2C%5C%22grouping_info%5C%22%3Anull%7D%22%2C%22lightning_feed_qid%22%3A%22-885528862351211502%22%2C%22lightning_feed_ranking_signature%22%3A%223184828886834684808%22%7D&__tn__=!%3AD,1,0,link
18,123,11/18/2024,16:40:31,"Milwaukee værktøjsbælte - Tool Boxes, Belts & Storage - Haslev | Facebook Marketplace | Facebook",https://www.facebook.com/marketplace/item/975748464345172/?ref=browse_tab&referral_code=marketplace_top_picks&referral_story_type=top_picks,1,0,link
19,122,11/18/2024,16:40:31,"Milwaukee værktøjsbælte - Tool Boxes, Belts & Storage - Haslev | Facebook Marketplace",https://www.facebook.com/marketplace/item/975748464345172/?ref=browse_tab&referral_code=marketplace_top_picks&referral_story_type=top_picks&__tn__=!%3AD,1,0,link
20,121,11/18/2024,16:40:31,2006 Bürstner Belcanto 720 TK - Travel Trailers - Holbæk | Facebook Marketplace | Facebook,https://www.facebook.com/marketplace/item/1229334591522285/?ref=browse_tab&referral_code=marketplace_top_picks&referral_story_type=top_picks,1,0,link
21,120,11/18/2024,16:40:31,2006 Bürstner Belcanto 720 TK - Travel Trailers - Holbæk | Facebook Marketplace,https://www.facebook.com/marketplace/item/1229334591522285/?ref=browse_tab&referral_code=marketplace_top_picks&referral_story_type=top_picks&__tn__=!%3AD,1,0,link
22,119,11/18/2024,16:40:30,Puch ms 3 gear - Bicycles - Køge | Facebook Marketplace | Facebook,https://www.facebook.com/marketplace/item/474218341779876/?ref=browse_tab&referral_code=marketplace_top_picks&referral_story_type=top_picks,1,0,link
23,118,11/18/2024,16:40:30,Puch ms 3 gear - Bicycles - Køge | Facebook Marketplace,https://www.facebook.com/marketplace/item/474218341779876/?ref=browse_tab&referral_code=marketplace_top_picks&referral_story_type=top_picks&__tn__=!%3AD,1,0,link
24,117,11/18/2024,16:40:30,"Org VW alufælge med vinterdæk 17’ 5x112 - Car Wheels, Tires & Parts - Ringsted | Facebook Marketplace | Facebook",https://www.facebook.com/marketplace/item/895912606028633/?ref=browse_tab&referral_code=marketplace_top_picks&referral_story_type=top_picks,1,0,link
25,116,11/18/2024,16:40:30,"Org VW alufælge med vinterdæk 17’ 5x112 - Car Wheels, Tires & Parts - Ringsted | Facebook Marketplace",https://www.facebook.com/marketplace/item/895912606028633/?ref=browse_tab&referral_code=marketplace_top_picks&referral_story_type=top_picks&__tn__=!%3AD,1,0,link
26,115,11/18/2024,16:40:29,"Gas grill - aldrig brugt - Barbecues, Grills & Smokers - Gilleleje | Facebook Marketplace | Facebook",https://www.facebook.com/marketplace/item/1216178726157045/?ref=browse_tab&referral_code=marketplace_top_picks&referral_story_type=top_picks,1,0,link
27,114,11/18/2024,16:40:29,"Gas grill - aldrig brugt - Barbecues, Grills & Smokers - Gilleleje | Facebook Marketplace",https://www.facebook.com/marketplace/item/1216178726157045/?ref=browse_tab&referral_code=marketplace_top_picks&referral_story_type=top_picks&__tn__=!%3AD,1,0,link
28,113,11/18/2024,16:40:27,Mercedes w202 C280 - Cars & Trucks - Copenhagen | Facebook Marketplace | Facebook,https://www.facebook.com/marketplace/item/1564900304152226/?ref=browse_tab&referral_code=marketplace_top_picks&referral_story_type=top_picks,1,0,link
29,112,11/18/2024,16:40:27,Mercedes w202 C280 - Cars & Trucks - Copenhagen | Facebook Marketplace,https://www.facebook.com/marketplace/item/1564900304152226/?ref=browse_tab&referral_code=marketplace_top_picks&referral_story_type=top_picks&__tn__=!%3AD,1,0,link
30,111,11/18/2024,16:40:26,Andelslejlighed til salg - Property Rentals - Taastrup | Facebook Marketplace | Facebook,https://www.facebook.com/marketplace/item/2775080805986280/?ref=browse_tab&referral_code=marketplace_top_picks&referral_story_type=top_picks,1,0,link
31,110,11/18/2024,16:40:26,Andelslejlighed til salg - Property Rentals - Taastrup | Facebook Marketplace,https://www.facebook.com/marketplace/item/2775080805986280/?ref=browse_tab&referral_code=marketplace_top_picks&referral_story_type=top_picks&__tn__=!%3AD,1,0,link
32,109,11/18/2024,16:40:26,Billardbord - Billiard Tables - Frederikssund | Facebook Marketplace | Facebook,https://www.facebook.com/marketplace/item/587994540337479/?ref=browse_tab&referral_code=marketplace_top_picks&referral_story_type=top_picks,1,0,link
33,108,11/18/2024,16:40:26,Billardbord - Billiard Tables - Frederikssund | Facebook Marketplace,https://www.facebook.com/marketplace/item/587994540337479/?ref=browse_tab&referral_code=marketplace_top_picks&referral_story_type=top_picks&__tn__=!%3AD,1,0,link
34,107,11/18/2024,16:40:25,Yamaha PW50 - Motorcycles & Scooters - Køge | Facebook Marketplace | Facebook,https://www.facebook.com/marketplace/item/1259652435277197/?ref=browse_tab&referral_code=marketplace_top_picks&referral_story_type=top_picks,1,0,link
35,106,11/18/2024,16:40:25,Yamaha PW50 - Motorcycles & Scooters - Køge | Facebook Marketplace,https://www.facebook.com/marketplace/item/1259652435277197/?ref=browse_tab&referral_code=marketplace_top_picks&referral_story_type=top_picks&__tn__=!%3AD,1,0,link
36,105,11/18/2024,16:40:25,"Italiensk vintagedesigner lænestole / sofa - Sofas, Loveseats & Sectionals - Copenhagen | Facebook Marketplace | Facebook",https://www.facebook.com/marketplace/item/872299288373168/?ref=browse_tab&referral_code=marketplace_top_picks&referral_story_type=top_picks,1,0,link
37,104,11/18/2024,16:40:25,"Italiensk vintagedesigner lænestole / sofa - Sofas, Loveseats & Sectionals - Copenhagen | Facebook Marketplace",https://www.facebook.com/marketplace/item/872299288373168/?ref=browse_tab&referral_code=marketplace_top_picks&referral_story_type=top_picks&__tn__=!%3AD,1,0,link
38,103,11/18/2024,16:40:24,"MacBook Air M2 - Laptops - Frederiksberg, Frederiksberg, Denmark | Facebook Marketplace | Facebook",https://www.facebook.com/marketplace/item/4084203705200935/?ref=browse_tab&referral_code=marketplace_top_picks&referral_story_type=top_picks,1,0,link
39,102,11/18/2024,16:40:24,"MacBook Air M2 - Laptops - Frederiksberg, Frederiksberg, Denmark | Facebook Marketplace",https://www.facebook.com/marketplace/item/4084203705200935/?ref=browse_tab&referral_code=marketplace_top_picks&referral_story_type=top_picks&__tn__=!%3AD,1,0,link
40,101,11/18/2024,16:40:24,"Playstation 4 - Video Game Consoles - Helsingør, Denmark | Facebook Marketplace | Facebook",https://www.facebook.com/marketplace/item/825030749616539/?ref=browse_tab&referral_code=marketplace_top_picks&referral_story_type=top_picks,1,0,link
41,100,11/18/2024,16:40:24,"Playstation 4 - Video Game Consoles - Helsingør, Denmark | Facebook Marketplace",https://www.facebook.com/marketplace/item/825030749616539/?ref=browse_tab&referral_code=marketplace_top_picks&referral_story_type=top_picks&__tn__=!%3AD,1,0,link
42,99,11/18/2024,16:40:22,"Makita DTW 181 - Drills - Dragør, Denmark | Facebook Marketplace | Facebook",https://www.facebook.com/marketplace/item/8635326216588578/?ref=browse_tab&referral_code=marketplace_top_picks&referral_story_type=top_picks,1,0,link
43,98,11/18/2024,16:40:22,"Makita DTW 181 - Drills - Dragør, Denmark | Facebook Marketplace",https://www.facebook.com/marketplace/item/8635326216588578/?ref=browse_tab&referral_code=marketplace_top_picks&referral_story_type=top_picks&__tn__=!%3AD,1,0,link
44,97,11/18/2024,16:38:49,Nysynet VW Golf 6 1.6TDI - Hatchbacks - Copenhagen | Facebook Marketplace | Facebook,https://www.facebook.com/marketplace/item/562357142845449/?ref=browse_tab&referral_code=marketplace_top_picks&referral_story_type=top_picks,1,0,link
45,96,11/18/2024,16:38:49,Nysynet VW Golf 6 1.6TDI - Hatchbacks - Copenhagen | Facebook Marketplace,https://www.facebook.com/marketplace/item/562357142845449/?ref=browse_tab&referral_code=marketplace_top_picks&referral_story_type=top_picks&__tn__=!%3AD,1,0,link
46,95,11/18/2024,16:38:43,Buy and Sell in Copenhagen | Facebook Marketplace | Facebook,https://www.facebook.com/marketplace/copenhagen,1,0,link
47,94,11/18/2024,16:38:20,Facebook Marketplace: Buy and Sell Items Locally or Shipped | Facebook,https://www.facebook.com/marketplace/,2,0,link
48,94,11/18/2024,16:38:20,Facebook Marketplace: Buy and Sell Items Locally or Shipped | Facebook,https://www.facebook.com/marketplace/,2,0,link
49,93,11/18/2024,16:38:17,facebook marketplace - Google-søgning,https://www.google.com/search?q=facebook+marketplace&rlz=1C5CHFA_enDK1137DK1137&oq=facebook+mar&gs_lcrp=EgZjaHJvbWUqDQgAEAAYgwEYsQMYgAQyDQgAEAAYgwEYsQMYgAQyBggBEEUYOTIHCAIQABiABDIHCAMQABiABDIHCAQQABiABDIHCAUQABiABDIHCAYQABiABDIHCAcQABiABDIHCAgQABiABDIHCAkQABiPAtIBCDI5MjVqMGo3qAIAsAIA&sourceid=chrome&ie=UTF-8,1,0,generated
50,92,11/18/2024,16:35:12,Coca-Cola Decal YOU PICK SIZE AND COLOR!! | eBay,https://www.ebay.com/itm/195437991841?_skw=cocacola&itmmeta=01JCZYKPEMJXS9BN4GV2M3E5P8&hash=item2d810317a1%3Ag%3AArMAAOSwRRBjWsEO&itmprp=enc%3AAQAJAAAA4HoV3kP08IDx%2BKZ9MfhVJKmYmOLZDyvVHhuAVUHnLhyBa2qRZpp5tMaXTV86FITNGH%2FZo4PVK5Y4QnD6L6ff9V2CDC88nM1uJTpgVBQJjSuofhhgL0fiTp%2F%2BMi481sFJxo%2BRKEaAEiNMZmUbvNId7R11K3rAwtaNU%2FYUEwQdKeu3QBIjjXbWcdtlFY0%2BxX2s7D%2BNML9SNVsV7GeZogqCcmYcDrZCbKdLi61e2HD4JItIC9jb4y9ziiBpqEgXtX%2BBk1Ei9JzBJqAdJOU2lCrjxVcbclVtOApLEmhYaAnu%2FPfl%7Ctkp%3ABk9SR7Tnzv7nZA&var=495277866626,1,0,link
51,91,11/18/2024,16:35:10,Coca Cola for sale | eBay,https://www.ebay.com/sch/i.html?_from=R40&_trksid=p2334524.m570.l1313&_nkw=cocacola&_sacat=0&_odkw=socks&_osacat=0,1,0,form_submit
52,90,11/18/2024,16:35:05,♥ CAT® SOCKEN CATERPILLAR WORK Herren Arbeitssocken Business Socken Strümpfe | eBay,https://www.ebay.com/itm/282873023008?_skw=socks&itmmeta=01JCZYKFKEH7BZ6491A6HV5PT5&hash=item41dc8bca20%3Ag%3A8GAAAOSw1dlZpZvV&itmprp=enc%3AAQAJAAAA4HoV3kP08IDx%2BKZ9MfhVJKmdlQg6I4haYO7kyRTv9e9UM10VWJ2HZVEBynWxod%2F2X71l3od%2Fz%2BsE18HwuU7MfWIMVQQ741XIgda8T4H1UJ24BWjZsJJmorkxsEMWR4YbQGAmqD4h%2Fiza%2FjmiaRp9rOr79etcoVgBFRLkZhtG891lC0Ebc1oRyI%2BMbqHZNs5GLjsjHcvLCQHwdpLe0yxxu33W3IBqE7aejUDESerYHjqmKsIXeH5SkH51VF0yILo4IksY9RVJPcMtWk664pFW1bPJ9l63%2BJ32hi49ysXq6mFU%7Ctkp%3ABFBM5vnN_udk&var=586020047318,1,0,link
53,89,11/18/2024,16:35:03,Socks for sale | eBay,https://www.ebay.com/sch/i.html?_from=R40&_trksid=p2334524.m570.l1313&_nkw=socks&_sacat=0&_odkw=nike&_osacat=0,1,0,form_submit
54,88,11/18/2024,16:34:59,"Nike Air Max Alpha Trainer 4 Men's Trainers Shoes Size Uk 10,10.5,11,11.5,12 | eBay",https://www.ebay.com/itm/256711818274?_skw=nike&itmmeta=01JCZYK0VDCDHBEFP0T9ZV40TZ&hash=item3bc5377c22%3Ag%3Ax%7E4AAOSw6bFnMg23&itmprp=enc%3AAQAJAAAA4HoV3kP08IDx%2BKZ9MfhVJKkVfhF9O5QsBtzMACzHK6cFvGLCA8TQGpnmgkNUImdky9s0zHC%2Ff3aYyMw%2FVgHTFmspk5LuoKdM7yC3cnYy52sbUeXX0gj1Hhgx2cM%2FcXmKoqB0DY8IVEHOTmPJnYqqiWjS0S19UgWcfeoZC7mB1ljnsB%2FcSHWHqGg0XF2Z4hlc2qw%2FsvIOaEVm5e5--SO%2FModZ5CGB9MrWATJBShuCuBqHGZc%2BPAQnrH5SKWdmWxI6bmpe9IfjbwW60gMP%2Fk1YDcrzJknO8MLdHhrbP7J3ERCS%7Ctkp%3ABk9SR-iNzP7nZA&var=557093461250,1,0,link
55,87,11/18/2024,16:34:59,Neu Superstar Classic Leder Sneaker Unisex Schuhe Freizeit Turnschuhe Hot NEW | eBay,https://www.ebay.com/itm/387581239818?_skw=nike&itmmeta=01JCZYK0VDB9P27KSWTCBFD775&hash=item5a3da4620a%3Ag%3ApjYAAOSw-51nKcFv&itmprp=enc%3AAQAJAAAA4HoV3kP08IDx%2BKZ9MfhVJKnnGeimS7ziT3M9x2p4oBK4bWwkSLWC6sTv0pdMou%2FD1HxYdHhaIKU8r8kQ56oTsdfu1jMwtVEfpH5VWYp0EuRQ0uivds622VBlUOWIW81dsiI2R6MsEWCh8MUBXi4RWdwRunIARhDicaSWvvAB6mXFsKjx9Fm8caZcXwes7RDLxIaoVIT4K%2FsgBX0EChFYKOGbVKTFXa1xRQ%2BJM5QnG0iDcraJL%2FCbKdFHTodyoOtocTDgFiZh%2FE%2B9cEhMv6AzlINxQQdb2077OCtkIYQ7c2Bh%7Ctkp%3ABFBM6I3M_udk&var=654818043269,1,0,link
56,86,11/18/2024,16:34:57,Nike Air Force 1 White Brand New with Box - Size 8.5 UK - FREE NEXT DAY! | eBay,https://www.ebay.com/itm/395028581985?_skw=nike&itmmeta=01JCZYK0VCTKW42XYGZ36DAQ7F&hash=item5bf989ce61:g:JsEAAOSwOVhlZho8&itmprp=enc%3AAQAJAAAA4HoV3kP08IDx%2BKZ9MfhVJKnXZ1kASqg9HWWtn%2BhHhrf%2FNgm5wdxnHOe5lv0zGszO0Qcf4Gz6Bf513ZGtvyzgV%2FW5J0GK5A0bzXIPjM8D0NwsPcSVcNX8Bh3mWvQmpbNPabhVqqWXNGcv4cjp49GWIsqtYHPnjxVQM1OXogRrxwu6u4ZUud2D1rE9mTkMzNW0mj%2BYD%2BAkvhtrBp%2FDw6KhxjVqyopPyH8OfsWgeKht98DJyWT--YA2pjdz%2FXQfb2Jn5AUAT9vK%2BatheHPMWcHJfh9JHJSX%2B4MlKwC52MML4pD6%7Ctkp%3ABFBM5o3M_udk,1,0,link
57,85,11/18/2024,16:34:57,Nike KD16 Men Trainers Black Metallic Silver Purple Basketball Shoe New All Size | eBay,https://www.ebay.com/itm/395904378054?_skw=nike&itmmeta=01JCZYK0VCDHST2FWCWX66YG2V&hash=item5c2dbd64c6%3Ag%3AhYMAAOSwyA5nNiHF&itmprp=enc%3AAQAJAAAAwHoV3kP08IDx%2BKZ9MfhVJKnSknPX9z0wdUezQYsMnXw2UNyVjaNQbrbIPqR2k1VpkPyrG0ecBOJZnVnvAHglur%2B0lLYBNdZeCrDbXooVscAiVaJRfjoa3P15wjQ%2FmJ1RiHr0E34N%2FbAHV8Ap5yDC26yY8VItvBBZUaAVnUA0XPG0KSqOu1%2BMwDBnwdBj%2BlnfD2tGg6AQ%2F66a7d6kregGD6G5N5XnbhGFpfQPw6fg53Pyz%2BcfuVq5LScCvwnY3L6mSA%3D%3D%7Ctkp%3ABk9SR-SNzP7nZA&var=664578336489,1,0,link
58,84,11/18/2024,16:34:56,Nike Air Max LTD 3 Herren Sneaker Sportschuhe Schuhe Turnschuhe | eBay,https://www.ebay.com/itm/256628549836?_skw=nike&itmmeta=01JCZYK0VB0S9AFB6C9PXJG373&hash=item3bc040e8cc%3Ag%3A64YAAOSwUsxm2bOq&itmprp=enc%3AAQAJAAAAwHoV3kP08IDx%2BKZ9MfhVJKkVJ8UcwoVIC6IyWAquvz2LksduWjtvuk%2FriitSLFqQUhl2m3P6syyBVwEEhSyBVO3SWM8%2FL6L0DPypP5dEWg9ctw%2B6AhupGh0lMTJVyYJiS%2F8rPIKtGy1zXAAiVT0%2BkDMWrI9oFUyOarJ%2FecWQYTjoVFugvumPfSucF5lG9KpaKipWGq9UKHXtBvmqTEQbNyUfa3puwGqTvN%2BAXJ9r4T6Z49%2FIaQ3EdW%2Bw%2B7lhpbNnDA%3D%3D%7Ctkp%3ABk9SR-SNzP7nZA&var=556905775010,1,0,link
59,83,11/18/2024,16:34:56,Nike Sneaker Air Jordan 1 LOW Black/Black-Black 553558093 Gr. 47 & 48.5 NEU | eBay,https://www.ebay.com/itm/326319135819?_skw=nike&itmmeta=01JCZYK0VB76Z2Z7Q55YSNS3J9&hash=item4bfa22dc4b%3Ag%3AZj0AAOSwLRJm0yKV&itmprp=enc%3AAQAJAAAAwHoV3kP08IDx%2BKZ9MfhVJKkz6h%2Fj2btfujxtwXz1OB6uE3MUX0GIzBfqRAH9MOomXOc2KS76ML3M0wMFfXDM3Jsds8JL7qWA4xW3zId7tQC%2BNLehSUQedoZmgb9vVbSawL6DMZlM0HrU%2FFeqPi7DDhUluIrDOOpbK4m%2BMugIKKGg7ijaOifq5SzR%2B8ElF2oVmZJhiBu4e0vOkdWGTFojqs7caUjlCG0klmMk%2Bxvv9ODQg534%2BQMvpYmSnTYUqf4Rfg%3D%3D%7Ctkp%3ABk9SR-SNzP7nZA&var=515450990650,1,0,link
60,82,11/18/2024,16:34:55,Nike Air Force 1 Originals Girls Shoes Trainers Size 3-6 All White Low Tops | eBay,https://www.ebay.com/itm/235097445641?_skw=nike&itmmeta=01JCZYK0VBG6Q6KD2G7YKTDRBC&hash=item36bce65509%3Ag%3A6z0AAOSwi8xkuYqe&itmprp=enc%3AAQAJAAAA4HoV3kP08IDx%2BKZ9MfhVJKk72LOAw91BsaJg%2BTWGY2JYGVPxa5jv%2FNlqvV4rbGeu0CVjfXAqiy9V0CQlUFUDD4rsbS8URRRXe0uZJgnvUwp4yvxFu1yQByZypTORYaRTcbjJryCm7PFSx8DP%2BuSx8x6gMgC3f0B7cD3xjjBnEMQv6F9IcinFgKRNRtC%2BlCTH8ScoD1yz4sMSpx8OSobyKl0NK89Qebz%2B5AuDFqXxCipsPDq6XkFKWZCEU2%2BDij2X0uT%2BCfo8A9i6LUSJA%2BfyLw3iHQ%2B9qQUfYhqEfGgwpULi%7Ctkp%3ABk9SR-SNzP7nZA&var=535074421152,1,0,link
61,81,11/18/2024,16:34:54,705149-015 Nike Air Max Tavas Sneakers Herrenschuhe Turnschuhe Sport Herren Grau | eBay,https://www.ebay.com/itm/266622159222?_skw=nike&itmmeta=01JCZYK0VBE58BQMR7A6T2GF8V&hash=item3e13eb4976%3Ag%3AqpMAAOSwZKFlpqy0&itmprp=enc%3AAQAJAAAAwHoV3kP08IDx%2BKZ9MfhVJKlRjazK1piMzghmYswcLDQvluHl5bn9rt7cfMsO3gtfiXABYg4bHJOZjoYOtmXkbj2XjacdOOcQpte2LETS%2FieByVFccccJzPQ1Lx%2Bvp247MyFaLYA38%2FEFYL7Md3FvLeGPFSnTnoBO5y8AU2OClP7PW4YsyNbZBhPVY%2B1DHCeaBb2IwF3R4I1Z%2FXrkPGIdjo%2BuM%2BWmKz7c%2BE4zxAViO1%2Bf3ejCOkEUDkzpmzjrB%2BntDw%3D%3D%7Ctkp%3ABk9SR-KNzP7nZA&var=566376514255,1,0,link
62,80,11/18/2024,16:34:53,Multiple Sizes - Nike Air Force 1 '07 Low Triple White | FREE POSTAGE | eBay,https://www.ebay.com/itm/126556606079?_skw=nike&itmmeta=01JCZYK0VBKCFPT5P1293SPXJN&hash=item1d775c8e7f%3Ag%3AvpwAAOSwWKVmgymW&itmprp=enc%3AAQAJAAAA4HoV3kP08IDx%2BKZ9MfhVJKmhFJikf3pgKNz%2FfO8ySveDu9fVsnHhqlq8CSzMG2btq5%2BUeWXk%2Buv4HBRZ4j92RvkrpOAE2vanc7Ut2pV7LECiFoEqou%2FCMzP2IfwMbHRDn8y43%2BGX1wGqMobI8vw5sASHoC3NdKJhX7L6Rnm6Y%2FcN772K4PQpruN550QlBJfR7OMAlz0ZUQgUwxLgMfV22%2FdSrw4x8Dor85sAlg2lpBGI0u8WFwNH2d%2FAqjViNd%2FNVBnRaw3VCLripBp4BSEBClKqXauA%2F9W6jLrs%2Fr7PEm%2BP%7Ctkp%3ABFBM4o3M_udk&var=427599927371,1,0,link
63,79,11/18/2024,16:34:52,Nike Air Jordan 3 Retro Black Cement Reimagined DN3707-010 Men's Shoes | eBay,https://www.ebay.com/itm/405351954820?_skw=nike&epid=6065882077&itmmeta=01JCZYK0VBQG9P93D47SWPSNNY&hash=item5e60dbf984%3Ag%3At9AAAOSwRW5nNUDw&itmprp=enc%3AAQAJAAAA4HoV3kP08IDx%2BKZ9MfhVJKmBpj9sqvqtvrdYZ2KHCxbFQ7bHuZnPmYEhBk88iO6GPYrcmTgeHQ%2BQdWjnKIlWtJ0euUROxtz%2B4zag54o%2FaqHc5O2XWT3AHnHl78QGCVxrNZ4yy4dLuId6Wwx5wi46p8MAJFs6iewH9XvZ0IBIzSXLI62eiVuSFpSPybi6ZOaeHDzkPQTUswYsZUWTe3Z5Px5dUIg%2FZnsV9aRsh3NEYJ4Qw42BjlS0wmGdyzTdyHnRe9bwzoncquqdvC0VKX08NwNxME2OXsHyrE5B2%2BhJpIvk%7Ctkp%3ABFBM4o3M_udk&var=675559311538,1,0,link
64,78,11/18/2024,16:34:51,CQ9182-106 Nike Cross Trainer Low Weiß Herren Sneakers Sport Turnschuhe | eBay,https://www.ebay.com/itm/266738683909?_skw=nike&itmmeta=01JCZYK0VBF3SB42NXHQP667ZP&hash=item3e1add5005%3Ag%3AqzQAAOSw135l%7EcJz&itmprp=enc%3AAQAJAAAAwHoV3kP08IDx%2BKZ9MfhVJKkEopo3b0XtnLSv3KaCEiuk1xaBjRHaQ2sncJHIQrdTCqsxt468m8isL09OeoKqYcKfyRog4ljt6H92RwxGKSxk2tCEane5PgiX47krz2kHUH8BYfawQHo2FMh0D%2FO%2FVVXtmA8lPoQCjhIvAL%2Fsf5qsDI74HxM7m0lptu%2BdZ0ZII366d1SZ8S3XDfQZHnkKzdAUvzV5IELgjX2Ci5fFmen%2BSl%2Fc1fu8Qx2u3gxinqxTXQ%3D%3D%7Ctkp%3ABk9SR-CNzP7nZA&var=566487509377,1,0,link
65,77,11/18/2024,16:34:51,Scarpa Nike Air Force 1 Bianche/White ORIGINALI Uomo Donna Dal 36 al 46 +OMAGGIO | eBay,https://www.ebay.com/itm/375726364506?_skw=nike&itmmeta=01JCZYK0VB8DZ4QZX0P9YRK8TZ&hash=item577b09575a%3Ag%3AVzIAAOSwtutnFAqY&itmprp=enc%3AAQAJAAAAwHoV3kP08IDx%2BKZ9MfhVJKnf2fysVUfPJUwt5qvH2noaMdUm50VTrmaQd2W6ezsSg7v11gE%2B%2Fh%2FrAk4No4Ye2xT3xuLuoarIwcVR6NJ%2F%2BxZDwGdw6et0zLtEW4LsbiUnDPuWPXFnGfTNxSu35ZEzJeffPLMt0ibJZnGa1%2BIK04Q7T%2FwJO68gV870GmHV3lI1KHe3atutC55nAg9kkOrlDadqB81huP1UqTJSYahQecbmAcdIvq0nHkBAh2CtQuhpgQ%3D%3D%7Ctkp%3ABk9SR-CNzP7nZA&var=644629971907,1,0,link
66,76,11/18/2024,16:34:50,Nike Dunk Low Mens Retro Sz 13 | eBay,https://www.ebay.com/itm/276726748487?_skw=nike&itmmeta=01JCZYK0VB7TJ5NE3JYP5R5F1G&hash=item406e331547:g:3IQAAOSwgklnJ7Kp&itmprp=enc%3AAQAJAAAAwHoV3kP08IDx%2BKZ9MfhVJKkr0oMQqN3XERhMPdAeeq1HoowAwyj%2FW2uAkgOv9j3fgc%2BogfnbjKB2Z8xilLJKuqfeLzEZ0g%2FGw%2FwUuHRdenvrP24UNfrPdeJbMehf6pP1CjK2o9Ef2aVqhFmBCCBqQpnm0F3F7IdfAb6RxRp46F1Da3ituqA3nlfmbsJ9wkoEhjud03iRyjs5LRuvcwz3Ig7toVV%2FVnRI%2FjLMV5A7XS26wfxkAuyNfiIu3gOaC8c%2Blg%3D%3D%7Ctkp%3ABk9SR-CNzP7nZA,1,0,link
67,75,11/18/2024,16:34:47,Nike for sale | eBay,https://www.ebay.com/sch/i.html?_from=R40&_trksid=p2334524.m570.l1313&_nkw=nike&_sacat=0&_odkw=prada&_osacat=0,1,0,form_submit
68,74,11/18/2024,16:34:44,prada shoes | eBay,https://www.ebay.com/itm/286168929918?_skw=prada&itmmeta=01JCZYJV8VGN2XVRYZRBZ85Q33&hash=item42a0ff567e:g:F7AAAOSwj5FnKs1~&itmprp=enc%3AAQAJAAAA4HoV3kP08IDx%2BKZ9MfhVJKmOXfqC9uQ%2BGo6GuNHAxKoho8OdCHjabqWpm9iM69cIwo95EBXimyqL1AAuQ2ibBtmOQdzAzWgXx60jmJQPVEbUfc7xGfv0Lkm65skHamydU71yD8sjdNR5%2Fb0V4lVLf7rz1P0EDXx%2FQuOaM2ppmD8NBAe6DZ1leI6FzlIWMfJCrCQmi%2B27eDgItk780nmDBHD7vQROKUG8Exkfc6Y6u9cQI%2FmlkdVf3ZHVR9i3Lydtg484C%2BngnUMhBalyK%2BnCz2FugLpRD43SSIiuBJuatSSU%7Ctkp%3ABFBMvLTL_udk,1,0,link
69,73,11/18/2024,16:34:44,PRADA PR15WS 09Q5S0 54MM Black Talc Dark Grey Women's Sunglasses 8056597437509 | eBay,https://www.ebay.com/itm/225839613744?_skw=prada&epid=13047399222&itmmeta=01JCZYJV8VJS2BBYQ42MFXZPA0&hash=item3495170730:g:194AAOSwOi9lPACT&itmprp=enc%3AAQAJAAAA4HoV3kP08IDx%2BKZ9MfhVJKlCLBUobvcWlmNxs%2FtfqiB4TDNwHuUCPiIk2ObsWqtW%2FE9T8JlG8qsBRFqDT2klajbnd7Iq1TsjDq2Z78FOcJeElkZKoRiPdYsCZTmMQh7i7%2B8IXzbaDVhCcQ84efKQG1h2q9AT6IWT0MIHxDH3G5MFN7zy8eR82kBoOxJ8KgVMqbyvLFkyHYPR2wnLM%2F1yHYou5l0uukh0VEXwSgTSXYBq4PKRjAMCHslnetEZiJosshcVCUszLNN%2B%2FeX18Pu9QQOwo4gPt5t%2BCHUXamgF%2FlkR%7Ctkp%3ABFBMvLTL_udk,1,0,link
70,72,11/18/2024,16:34:42,Prada for sale | eBay,https://www.ebay.com/sch/i.html?_from=R40&_trksid=p2334524.m570.l1313&_nkw=prada&_sacat=0&_odkw=gucci&_osacat=0,1,0,form_submit
71,71,11/18/2024,16:34:39,GUCCI Web Sherry Line Hand Bag GG Canvas Leather Authentic Brown Used Japan | eBay,https://www.ebay.com/itm/235835627986?_skw=gucci&itmmeta=01JCZYJN6DGHP0F1Y1G596BQ2X&hash=item36e8e619d2:g:f7oAAOSwf~pnOzZy&itmprp=enc%3AAQAJAAAAwHoV3kP08IDx%2BKZ9MfhVJKmGwTxZPJsSH73Z8fqUmB6B80dkW%2BAReWQQVAvnS8LaJeKSmQTJ%2BPtMcjVl4aWlcoUPCBQNLxZcPUxvH6z4Dwd54%2FWfmAlQ%2B%2BG9erZ1Nk4skFQ%2Bf9FvCoicx5pkBE72jldlWIt7XByCyf%2FWb9L2vd1%2Fm4NhcBmDO6d4Cd6GWq5qrCXYfswUvHdRDY1lgOaVDboijL33KrOOqaeEtxzdo8nCWIXagIXdGOlv%2FmR6IoJMFA%3D%3D%7Ctkp%3ABk9SR6bTyv7nZA,1,0,link
72,70,11/18/2024,16:34:39,Authentic GUCCI GG Crystal Shoulder Tote Bag PVC Leather Brown 0761K | eBay,https://www.ebay.com/itm/116395387125?_skw=gucci&itmmeta=01JCZYJN6D6YQ6EDARRQEW17D9&hash=item1b19b4a8f5:g:yTIAAOSwoJpnI14N&itmprp=enc%3AAQAJAAAA4HoV3kP08IDx%2BKZ9MfhVJKn0i8M%2FiP9GbRM%2FbJ7yLNILAJjl3mHL3M31dJeIja9EypfvR0awwewZ8iD5iyUnfIVJQTdc54pFITrcvIvRvizRFDkRdBx0weK7jIZ%2BUBcZG3CsFytls9zqQB3hZlyw4igkRNY4j8x%2BrQthpE191%2Bu90Atw5JaShZSuJLUbQ3RJhh8Jb%2BKaHqnQLXIyBR4lHLPExLIxTvmAWaFFdgR4s2laaJvToro2IJXU6OMaG3nHCy3KDjNWlOWPso9v1O6NqO8vHqpd7eieUJdXJP6usU7P%7Ctkp%3ABk9SR6bTyv7nZA,1,0,link
73,69,11/18/2024,16:34:38,Men’s Gucci Jeans Denim Slim fit stretchy Blue ( used good condition) | eBay,https://www.ebay.com/itm/235834624415?_skw=gucci&itmmeta=01JCZYJN6DC8DT4P60QPZZA87W&hash=item36e8d6c99f%3Ag%3AJwYAAOSw0TBnMeEG&itmprp=enc%3AAQAJAAAAwHoV3kP08IDx%2BKZ9MfhVJKnMcmpkPGNCXgogvsL3jlleCZ8ORNxkbPrfjVxH3Gmar7GUhrNdFvuOG453DESegV%2FA4qXVV7B7ORZQIIx2XOhpj3RdmvAv%2Fjdh3885ZH726DzYUDBeR%2BG0WFA1EZgAE9q9kza2gZl6D30Hah32gkIzmclIWIz4v4pwkSRPUFxbqTLa8XtAXijJZU9LBH%2FI6IgepK8iqHi7aNstr92csAK1XxjOb77yoA7TEDMBISDc4g%3D%3D%7Ctkp%3ABk9SR6bTyv7nZA&var=536232619535,1,0,link
74,68,11/18/2024,16:34:38,Gucci Women's Black Guccisima Print Stretch Pantyhose Tights One Size | eBay,https://www.ebay.com/itm/126783993793?_skw=gucci&itmmeta=01JCZYJN6DA8YNXKQZQSPBAQ1N&hash=item1d84ea37c1:g:~UEAAOSw6nBm6YFZ&itmprp=enc%3AAQAJAAAA4HoV3kP08IDx%2BKZ9MfhVJKmpDi9O8wRvjhPWaqcD0TGwSMbViKixlrdwmPk5gCHYxErqWoY59XPejEYvm2WOJCWIYCgxnHBzmesKS9fJTp4dCepF57EehHfnyMwJ7IN%2BD%2Bykpz3F9re7qNXzIApkdfRuRjY41KRIJnraU4DPjsORjIStOaHB8iWcHX1vasbh3sn3lfzS2dfrjjyhb4PvycIlwVtnawgMzqaD0Ylx3j%2FZ6GikQ6H9mRLgJVHK2Ygf2QMhP%2FCM65CdhXOdFmNLEIrml%2BFgulSzhVvh3GPwMhuK%7Ctkp%3ABFBMptPK_udk,1,0,link
75,67,11/18/2024,16:34:36,Gucci for sale | eBay,https://www.ebay.com/sch/i.html?_from=R40&_trksid=p2334524.m570.l1313&_nkw=gucci&_sacat=0&_odkw=north+face&_osacat=0,1,0,form_submit
76,66,11/18/2024,16:34:33,Mens The North Face Venture 2 Dryvent Waterproof Hooded Rain Jacket Black White | eBay,https://www.ebay.com/itm/146095295087?_skw=north+face&itmmeta=01JCZYJ8V26WGHCAMZDPC1QAQA&hash=item2203f54a6f%3Ag%3AGY4AAOSwpaRnCefz&itmprp=enc%3AAQAJAAAAwHoV3kP08IDx%2BKZ9MfhVJKlD0Z7K6imlc0ZI9nGF3%2B96MRI8tx9s0NOfPzkrEw6%2Bq1pL%2BGuSRn7dyxAR%2BSb2ProKQiA0fmwq563O3udyL%2B%2BXQ%2FboPl%2FKrbWLU3f5Ou4bpOOPZOfQfB%2BQCjR9NXJYwt5qz7OnhYxZf1Eh5Nfxjrci0C8yVa%2FNwwQPIO%2B1VwAvRrP4yY2MeQdLkh0e8XgVCOU3i1M08i6v9PA9IGSu8zD9nsKBjpKUegY2wi%2BrJSB3VQ%3D%3D%7Ctkp%3ABk9SR9KNyf7nZA&var=445047634320,1,0,link
77,65,11/18/2024,16:34:32,The North Face Mens T Shirt TNF Simple Dome Short Sleeve Crew Neck Casual Tee | eBay,https://www.ebay.com/itm/185742894522?_skw=north+face&itmmeta=01JCZYJ8V2BEKHX68GM05QSNMK&hash=item2b3f23a5ba%3Ag%3AltUAAOSwbfFjyCTN&itmprp=enc%3AAQAJAAAA0HoV3kP08IDx%2BKZ9MfhVJKk480hVbpQc%2FZ24m4bYZzP56nFas0493yNZPJS%2BUF9%2FzjHc6KbTnm6KHw0iAmsZ%2FtWWUClFMoFsz%2B%2F8S72wdwvKtJHOcUOy6oOsobmt2Nh9kO3keY%2FRXmx2SEOFvATicgTtVsXAGgztDCmC2z%2Fv%2BQP43vO%2B7KUipTR6oV6GRFdVeZZ%2FtwuREk%2FMGIjeN0VGiUbpOfmWhCFp9l4elLJN2BoS57MbM6RmZsjq83aIqry3R7BDccsAvGPklPIO1DcFo6I%3D%7Ctkp%3ABk9SR9KNyf7nZA&var=693793570809,1,0,link
78,64,11/18/2024,16:34:31,Mens The North Face TNF TKA Glacier 100 Fleece Full Zip Jacket Coat NF New | eBay,https://www.ebay.com/itm/354360273109?_skw=north+face&itmmeta=01JCZYJ8V2XDE81TVZ8R18PSRW&hash=item528184a8d5%3Ag%3A-eQAAOSw4KdjWylc&itmprp=enc%3AAQAJAAAA8HoV3kP08IDx%2BKZ9MfhVJKkh0%2BTcMUy1oCtyuqmeFBrWsrf7fTgxNLglzS9Np%2BlDK%2FiyOF4D1huyuDeJFfdgkG1Nr%2FbfecBgSEG19iNEfJJnTQOv1iZ1AGN6B%2FFXB1fviZ%2BIS8DilSRWx%2BTTF2TKnBWpTungg2Syy8kJm4p4Z6GQEG899IvQ1dy4TU%2FI0TQ9RNh1E%2FPpHAFgVsaScPSlY8PoWY5VhiqVKeiCd4vN%2BetOc3Io0Aspmwd39Apu9mgl6S34v6p%2FFowvOx3sMBp5lMVltBuq2M4JCGrQ1UnL9yAmqgXeRLF%2BHVPvftNVcxx6yQ%3D%3D%7Ctkp%3ABk9SR9CNyf7nZA&var=623758399676,1,0,link
79,63,11/18/2024,16:34:31,The North Face Mens Inc Bondi Pullover Tracksuit Joggers Hoodie Track Pants | eBay,https://www.ebay.com/itm/186643256515?_skw=north+face&itmmeta=01JCZYJ8V2P4T6431E7WFYRPER&hash=item2b74ce14c3%3Ag%3AfiYAAOSw5x9mxIYr&itmprp=enc%3AAQAJAAAA8HoV3kP08IDx%2BKZ9MfhVJKlsAxIo1EHlu2SM2mT6XdTRqttCMexs%2F23bbA6Nn9cO3XfgFRQHJhtmZKSUZ%2BnPRBPgwmpOwrkMvy9p0G9%2ByQQUsFDCUQHEk7AO2zibm6wbj287W1y3dA8pU4mAY6fUB%2FLNGTrH2W42HZaw3vV33BSBNJ9h95p0BgLV0zumz7%2BbsLfaAIDiuLjkOBg9WxK3AhrVMRv04H7gScc%2ByaMFeIGbnJyvVWzbvd8pvWe99n0Qckf%2BiaWp0DpXsVuliwpiHm2C4cQ8VzSkU2WvO1%2FZwPkHeWSA0qlXgqhwOPtVda0Zsg%3D%3D%7Ctkp%3ABk9SR9CNyf7nZA&var=694672066824,1,0,link
80,62,11/18/2024,16:34:30,The North Face Men's Baltic Down Puffer Hoodie Jacket TNF Black Sz S M L XL XXL | eBay,https://www.ebay.com/itm/266691041683?_skw=north+face&itmmeta=01JCZYJ8V2YRAJCTPDBC82YEN7&hash=item3e18065993%3Ag%3AAysAAOSwTrFl26c4&itmprp=enc%3AAQAJAAAA4HoV3kP08IDx%2BKZ9MfhVJKk6w9SL45L9VMXz0WdZvc5JAR%2BBKwkFqyPU%2FfPicjYxpQrTdR3Pj5vuSDaiChEd0Pnp2t1KodAlwcLE7N7SF0Cs6T6Zvtugn7OEOGNdJK%2FYeTE7K3x%2FntWPck5jZW2l5cDg7Rbx8rMUdCVsfhUydRwjzO0X0Nz1sUWUtgOvnrv%2Bj7tiKm2pWEId8UteBwug46DURF0hzTAUjsRiob07i2sEAsjOmxodzLellyjiZGNiljLpHA3fVPjqXTQ8R2sFIbujqIlCJCOXzSRuzmR3OSI8%7Ctkp%3ABk9SR9CNyf7nZA&var=566440573775,1,0,link
81,61,11/18/2024,16:34:30,The North Face Wintermütze Mütze Beanie - schwarz oder grau - one Size - 2. Wahl | eBay,https://www.ebay.com/itm/387460698820?_skw=north+face&itmmeta=01JCZYJ8V2G41YHRBVKHV23FHZ&hash=item5a367512c4%3Ag%3AXIYAAOSwHphnBX6S&itmprp=enc%3AAQAJAAAA8HoV3kP08IDx%2BKZ9MfhVJKl7haxQwwvOQSjllIB78agVgbLgIBip0UuvrFu%2BsorVGP%2F1BdUL8ZAtZNRFRDycEzDxWwDgaypo9yf6h2d%2FUF9VSF2zn7iB3mDU6U%2B5TRcQRXkEvhQCYjKJKAF%2F86U7xlaXrOaAuodey2EIjmHxWYssLcXefUSSpoMeqz1%2Fhc1NONY826xI53aQOxI0h7DgoN0uj2znbJO97qa23QmJxbDlA4MBDfhoGKW7htVhUuuzUaVB0WYQN60SuPeSiYpd45dBxij8NQLGP2LqKGcwTQGvUUmFyj%2Fl92N7fWMGXc5qGg%3D%3D%7Ctkp%3ABk9SR9CNyf7nZA&var=654730314718,1,0,link
82,60,11/18/2024,16:34:29,The North Face Men's Outdoor Full Zip Hybrid Jacket / TNF Black / RRP £100 | eBay,https://www.ebay.com/itm/204273892771?_skw=north+face&itmmeta=01JCZYJ8V2AHXKA2GJMJN4X49Y&hash=item2f8fac3da3%3Ag%3A9HcAAOSwA%7EtkFIxn&itmprp=enc%3AAQAJAAAA0HoV3kP08IDx%2BKZ9MfhVJKm73mkQtlZZLxuoclPdhLYY2z87g4NUqS5AfT%2FH19LEzUl3Tb7Tgj4Z2KuRUgDxqf%2F9gH6CGh6XnA7Ulc8MaQWRgW8lcV0xf5hefe8mkbWKTIonTnFSHCWcXa1BAi8xK28nN1tVjOzzU6WYPZZgfQvOKeWOKMI33ttafN%2B2tmfwbAXRTDpD2j8c1sgcnglc5m5VF6nKZh1MRe%2FE6SAgamJBobaKoG%2F6FAhMXobpFpe9hvGjhFM3E0mKaopaoet2cFs%3D%7Ctkp%3ABk9SR9CNyf7nZA&var=504836336377,1,0,link
83,59,11/18/2024,16:34:28,NEW 2024 $160 THE NORTH FACE MENS APEX BIONIC 3 JACKET BLACK MEDIUM | eBay,https://www.ebay.com/itm/126770854840?_skw=north+face&itmmeta=01JCZYJ8V28WGBA71R7MQCP7JT&hash=item1d8421bbb8:g:PjkAAOSw1~VnIuUd&itmprp=enc%3AAQAJAAAAwHoV3kP08IDx%2BKZ9MfhVJKkwO0j76T3nUIKgO7YP%2F3Ndh%2BtJqjdHSW5WIuRYZ8%2B%2BdH0NKdRcITr8cPadxPF3trRytqOFtICOwaup1B%2BP8aFNgQ1sGIgmkmzCictiEIGXO9Eon7Ym9jaifwpheZf%2BOPVuTFJPQrEygiHyip6aaca%2FxqqLwkV6niKK72%2FO%2FCPMQdgBavgWjoDtpQOXDLMPckucBZOUnNKT58cfwB73VJLywJu39da6Wkty0RdYOR6hCQ%3D%3D%7Ctkp%3ABk9SR9CNyf7nZA,1,0,link
84,58,11/18/2024,16:34:28,The North Face Red Box Celebration Mens T Shirt Printed Crew Neck Cotton Tee | eBay,https://www.ebay.com/itm/184430031840?_skw=north+face&itmmeta=01JCZYJ8V2KHDE4STXFB7WMWZR&hash=item2af0e2f3e0%3Ag%3AyzYAAOSwva5hAsYY&itmprp=enc%3AAQAJAAAA8HoV3kP08IDx%2BKZ9MfhVJKk2vTv071weJdmfLRSF2BGyvcOh%2BlQ0OTCSQDvUWnqygNmm1Aexq%2FTcJN5LI8ovBwaiyBitb%2BDsmueWwV4DppaAfK2yVeDozuAGlfDOaTP0IvaHWTaFxUdVYNhsMZH34Vkeqx4ZjfCIp%2FZGjUa045RHvWcIH8%2BL%2FbGHlHVdilSSCNbkISwLxxNgYq9QsjryLp798u2s52LWUW%2FGuuaItbhy3NbJU1Cve%2F16jU5M9yK9wdEtex50kM7NWl3TnlLbfhXMAXqkEEZ8tpflZ3G3bLztNm0nGSSEK%2BNm7aC2s6mcHw%3D%3D%7Ctkp%3ABk9SR9CNyf7nZA&var=692131493711,1,0,link
85,57,11/18/2024,16:34:28,The North Face Men Baltic Hoodie Insulated 600-Down Puffer Jacket -TNF Black NWT | eBay,https://www.ebay.com/itm/116369027031?_skw=north+face&itmmeta=01JCZYJ8V2GHSF8BF4KDXF07YH&hash=item1b18226fd7%3Ag%3AiF8AAOSwILpnGeSo&itmprp=enc%3AAQAJAAAA0HoV3kP08IDx%2BKZ9MfhVJKlsfuaDA9stIhdeJ3zAbxdBN86PdUU7clFbGG2ZbfKIomgUbzysqs%2BZDj%2FTaix55ijhO6BtcIxlKlEAdMQZYpvb7F4v7OpP9IIBavj8gV6KKNaMmktSJ%2Bp%2BgU51WY6KJE5ABG8C2uuVmzniNRDw1f5dJ11asYTqck4XRdilW%2BbFWzguqaBmUDRudGFSpMLrM27aflM3hHy72t2jIj%2FIZX8GM6ERzf61U3eBD07%2BOU2nbQ9BsaR2V9kLHkXLKECo%2BRc%3D%7Ctkp%3ABk9SR9CNyf7nZA&var=416639308505,1,0,link
86,56,11/18/2024,16:34:27,Mens THE NORTH FACE Gilet-Body Warmer - S-M-L-XL-XXL -* LIMITED WINTER SALE* | eBay,https://www.ebay.com/itm/276538715307?_skw=north+face&itmmeta=01JCZYJ8V2F5B6K9JP0TZ0HJ7C&hash=item4062fdecab:g:zYwAAOSwd-BnAE7-&itmprp=enc%3AAQAJAAAA8HoV3kP08IDx%2BKZ9MfhVJKmPWYT4Jei9t%2B7vu9HH3ecPST3ciDyluXnBeADZCU02p11vBtiBmt9h%2FRjokH2aL%2BQRzkkQ8hEv8rvsBO4o4ESddJ0mabUN7Bb3RoYJkc28Cn6O0l9zrWpUViLpxArvFw3L1i1HgjvbeF96lM7jN7v8LQKpXycY9Ob7%2FUdtWcxBdB7qC4gINBj8IlS8vXdyXCVN6%2FmgyRpXWuN7QUyR--p8EVbFx8NAE%2FsMCzTKMnfiCgnzgGtecAgzrCJ42PgUk4hRCQG3za2Yz--kZ%2Fh221Dr8VcQ0AoCEC8u%2Fbjt0r80zg%3D%3D%7Ctkp%3ABk9SR9CNyf7nZA,1,0,link
87,55,11/18/2024,16:34:26,New North Face Women’s Black Puffer Jacket Size L 12/14 New | eBay,https://www.ebay.com/itm/326342196829?_skw=north+face&itmmeta=01JCZYJ8V2YW2K4DZRG18335BT&hash=item4bfb82be5d:g:N9kAAOSwrXpnLPDy&itmprp=enc%3AAQAJAAAA4HoV3kP08IDx%2BKZ9MfhVJKmgOSdPIJXnjvFDVswH%2BBSXG8PFlowrYog4RC%2B4tKrcc56EwZnmB6MAKCXpRBeqaUeaH17dgV2620wBHEROa5XfzD2fBGzsZIBoN4nm5ZLlKoHvDjzHgn6mUeV3MeuYkaiWTzrlmL0TzYwFRHc5IIoFv%2FMI7kxTHbT6sNpseYEJE%2F2UpwmaIlCrheS4RD6bfaWYrNj7ddd92zO9vN%2BNC4bk9SXXj%2FeDJLuMLtJ%2B4TuaRmQI4YoNkhDsl9e33Uu06FMvGArvY6%2FMgFPNk7b9%2F1Po%7Ctkp%3ABk9SR9CNyf7nZA,1,0,link
88,54,11/18/2024,16:34:26,Mens Black / Grey The North Face Lightweight Hooded Jacket (Size XL) L530 | eBay,https://www.ebay.com/itm/126776944301?_skw=north+face&itmmeta=01JCZYJ8V2V0MJN2VBQKDE1TX4&hash=item1d847ea6ad:g:PyUAAOSwynFnIezn&itmprp=enc%3AAQAJAAAA8HoV3kP08IDx%2BKZ9MfhVJKnWDT3WCAbXxM6FyOoQJ4y%2B31fNSWaYYStF%2BNWkXQo650CondXHEK%2Fy0%2B%2BjX3ciS4BAkdWZjn%2Fra71DL8hqwz7foegJ82xgmJSqfq8bL9vKepZRneXFCEBrgIKC9qtJWVZ%2BRgbXUEjkRdq3LH9I2VlRo2TuQ7OgAbgoeobVFMFxm%2FpRfKh3n5%2Be0%2Fei%2BcMDRQuOLdXVG8UKcyqHQLawEeevMzbU8zKO4wwDzdvbhkR11kUmaHyq77Tyr%2FgjU9qaXUCVVNUEH4ScxKsePD8IdgkcXjSoVSEg0Z30cvqcNW79xg%3D%3D%7Ctkp%3ABk9SR86Nyf7nZA,1,0,link
89,53,11/18/2024,16:34:25,THE NORTH FACE Jester Cross Body Bag TNF Black-NPF One Size | eBay,https://www.ebay.com/itm/135354374454?_skw=north+face&itmmeta=01JCZYJ8V2DJF1YH29PHJNT2EJ&hash=item1f83bfd936:g:EKkAAOSw7ZhnLWgL&itmprp=enc%3AAQAJAAAA8HoV3kP08IDx%2BKZ9MfhVJKmdWyrmv86lBf%2Fg5sGLKuOfkXCVeErONlOncyiNx%2Fusf14PwimyXbj80WdB%2FF1mXZT0UdNILkCZcyTdcRgod30vrs65cVuE0d%2Bp15RblSXmvhakF4GZjGzBtkfbh3%2FuR4ZBSO6oxvzQka0o5CIqNA8C%2BuJwEHS%2FjPyE39cgar5CE9mVEmL7GrTOqR%2FT6bL%2BuZBBo3fIiSmAtdL2NzxR8mbRswrz9q3Avj5jlUSynhTINq55IyN0c037pmtWQzY%2B48idlSGd%2BT5zh5gXZ3VAXTWLVBcIUDgJAAU5B14RB6mwPw%3D%3D%7Ctkp%3ABk9SR86Nyf7nZA,1,0,link
90,52,11/18/2024,16:34:23,North Face for sale | eBay,https://www.ebay.com/sch/i.html?_from=R40&_trksid=p2332490.m570.l1313&_nkw=north+face&_sacat=0,1,0,form_submit
91,51,11/18/2024,16:34:19,"Lenovo ThinkPad T14 Gen 1 14"" FHD Touch i5-10310U 16GB 256GB SSD Win10 Swiss | eBay",https://www.ebay.com/itm/315087287790?_skw=thinkpad&itmmeta=01JCZYJ33R7E7NKBT7PBQW2Y9T&hash=item495caa75ee:g:JwYAAOSwBuxmMOwt&itmprp=enc%3AAQAJAAAA4HoV3kP08IDx%2BKZ9MfhVJKl59ficXWfiiPr3ioY4EeLU39YyJgLcARWbLULYmM1Vcdge2cHKUodu0aAHz97oghTtlZOWWfDsB9ZzuAeohaIMmXa84I3AgVXwKr2jy%2BeV6XT0uhN136M87dl0OkZLAZyM888%2FlvWNdfm6xSRj30O9%2BH0qiVQuAM5Oq%2B65%2FXFyOk7DOFm1INedRbJQPjY7Xo8%2Fga26Z%2FddJgFaAWUAw06oJlNE%2F4K%2FILAHVgVT%2FCSMtDFZFeATjnRor0IgHdTbSXVWtLgo%2FbQy9gcd%2Brx2Tlgu%7Ctkp%3ABFBM-rHI_udk,1,0,link
92,50,11/18/2024,16:34:17,ThinkPad for sale | eBay,https://www.ebay.com/sch/i.html?_from=R40&_trksid=p2332490.m570.l1313&_nkw=thinkpad&_sacat=0,1,0,form_submit
93,49,11/18/2024,16:34:14,"Lenovo Thinkvision P24q-20 23,8 "" Qhd IPS 1920x1080 60Hz 4ms 16:9 Pivot | eBay",https://www.ebay.com/itm/326327536993?_skw=thinkvision&itmmeta=01JCZYHXEW3PRS5FKQTFBJK7J7&hash=item4bfaa30d61:g:9e8AAOSwTupnKMNO&itmprp=enc%3AAQAJAAAA4HoV3kP08IDx%2BKZ9MfhVJKmGAq2Yvw7XSHeRPNeKbTz16ZGwKkAppJ90%2F%2B%2FkcBrffdNJ420s6wII9sWAWaYRqbcICMuWQtKt2H5LgM1N6aLuHwiH79n6rZfc9D7Zq%2B4anzQZ4xToqt3IfAAx%2BcaGBMg1vpR4UYPgkdwtmGkvzH1lCnfBeJUVAj25cLkI%2FhfDlQY4bB3sW0ZE%2BlZZmSpFnIY%2FTLnBOOe0nnct8N%2FMCh3UY2F03OwtQjdtoQoUILKKRB1Hy96I6mthJM9JEtsNQ4TXo%2FcWIyQiaMRFUsxYYdsd%7Ctkp%3ABFBMxNfH_udk,1,0,link
94,48,11/18/2024,16:34:11,Thinkvision for sale | eBay,https://www.ebay.com/sch/i.html?_from=R40&_trksid=p2332490.m570.l1313&_nkw=thinkvision&_sacat=0,1,0,form_submit
95,47,11/18/2024,16:34:05,12/14/16 inch Kids Bike Bicycle Children Boys Blue Cycling Removable Stabilisers | eBay,https://www.ebay.com/itm/285837671868?_skw=bike&itmmeta=01JCZYHMNR43WCES4FTJ7HP597&hash=item428d40bdbc%3Ag%3AbfwAAOSwxrpmMNH4&itmprp=enc%3AAQAJAAAA4HoV3kP08IDx%2BKZ9MfhVJKnE%2B9jQ5bXah%2BPUe5Jk7iMkwTUh0%2BbnZKfJ3lBhxlYiAkINTSocr1X7BkCRHqKM43YDwWXofI2FhcHXW1YWFPGh7e3Y9ti%2BhkUvppI1mcsXEmVthP9yqFSpKX9g9sRn3VuKa%2BLvu6DGf4rPUscpvItqOrMJ9Tq2JNWEW8yuFSAy6wyIujHiKKdVBqlZULFyznamtkomj8iYnemQ4sxmywdKZRTxBcOZPWmWr1XrxG2e0Lo30GMXgfeDVjCxyWJaVmdBvgTzwT2WLQmre6Y5JPIF%7Ctkp%3ABFBM-srG_udk&var=587862808716,1,0,link
96,46,11/18/2024,16:34:02,Bike for sale | eBay,https://www.ebay.com/sch/i.html?_from=R40&_trksid=p2332490.m570.l1313&_nkw=bike&_sacat=0,1,0,form_submit
97,45,11/18/2024,16:34:00,Chemical Guys CLD10516 - Sticky Citrus Gel Wheel & Rim Cleaner (16 oz) | eBay,https://www.ebay.com/itm/286045601305?_trkparms=amclksrc%3DITM%26aid%3D1110018%26algo%3DHOMESPLICE.COMPLISTINGS%26ao%3D1%26asc%3D277109%2C276749%26meid%3D3541608152c54e8aa395b944d25ff9ca%26pid%3D101196%26rk%3D3%26rkt%3D12%26sd%3D335679686585%26itm%3D286045601305%26pmt%3D1%26noa%3D0%26pg%3D2332490%26algv%3DCompVIDesktopATF2V6%26brand%3DChemical%2BGuys&_trksid=p2332490.c101196.m2219&itmprp=cksum%3A2860456013053541608152c54e8aa395b944d25ff9ca%7Cenc%3AAQAJAAABALx1mZQ2L9jLv%252BUPTFTna8XcGfl2wNJcn022gtZb5sDiorDh9RK%252BtlWQTtdOJ0hjcO3FFXzQqoVBPe0iTHkS%252BGyy3IlCfLOvxJdneM42SkBHOYRUN1NCHSuThsthKxMcDY5fCd%252FPiL%252BQcoQOThm6UlMK1d9nHz%252BXtqXNpWG%252Fq%252FJvVnhfRdzMWIzb0x2QytYJSjEbfvp%252F0QOUWUjn9e90UJzL0ioN76KDsc1Z2H7JPkif8FsViGdtU6wg5ix8gB%252Bkj9fcYBqLosbDLH5u2%252BQpAYgvAl0Mooc807wP6btQhwMc9nnQHaGLmJO%252FmwX1pgB04EEZYiw1wS%252Fg2d6W1CGuE6c%253D%7Campid%3APL_CLK%7Cclp%3A2332490&epid=2096352301&itmmeta=01JCZYHEXE1E0B09CR13QZANJ4,1,0,link
98,44,11/18/2024,16:33:57,"2 Pack Chemical Guys Sticky Citrus Wheel Cleaner Gel, 16 fl oz. | eBay",https://www.ebay.com/itm/335679686585?_trkparms=amclksrc%3DITM%26aid%3D1110006%26algo%3DHOMESPLICE.SIM%26ao%3D1%26asc%3D277109%2C276749%26meid%3D1661b81f8b434534b9c6094bfffd878e%26pid%3D101875%26rk%3D3%26rkt%3D4%26sd%3D171770860908%26itm%3D335679686585%26pmt%3D1%26noa%3D0%26pg%3D2332490%26algv%3DSimVIDwebV3WithCPCExpansionEmbeddingSearchQuerySemanticBroadMatchSingularityRecall%26brand%3DChemical%2BGuys&_trksid=p2332490.c101875.m1851&itmprp=cksum%3A3356796865851661b81f8b434534b9c6094bfffd878e%7Cenc%3AAQAJAAABQNthdh9o32sOfKme0krmx3yc5y0DRWWwwpiraCEsA5rOcanQjqu91drTeDElZLF31uaWQXaQ2pNTl5IMyA1OfooQwqEcJUvtG9LvKPKHgcRzphx12iPvBSva61o%252BMhuWL%252BQ3sOrpX9e1tuGJeglCD1gtT7FFpnr%252BT%252FGcw3Q38OhJNl7q2f3oORifKmLJ7JTvLdwaSLdquzflLukeE2iNKZ%252BvJNHKh8WSb2a%252B%252F3jMV9g3hU54USuzG4xWMlmCkGA9UucoylkAK6f1K145hzDbjN1zgO%252FBVY%252BRxShL6Pq8wO5xSZEewSQR2SXy%252FEs9l4KzhdA6VAoNPvo8F%252BgXGdXJFk2384de5eCjnU11--oTbcSsycDo63QNCM2zNteD8GkuRJv8HV1viAi%252BCEOxuzd1q47U9ZEjp7o5--ffggEpeog1%7Campid%3APL_CLK%7Cclp%3A2332490&itmmeta=01JCZYHCEB259DWH0KVNH93MTQ,1,0,link
99,43,11/18/2024,16:33:54,Chemical Guys CWS 110 Honeydew Snow Foam Car Wash Soap (Works with Foam 816276011424 | eBay,https://www.ebay.com/itm/171770860908?epid=15009468029&itmmeta=01JCZYH9VCB32TZ2EH018KTRKD&hash=item27fe57556c:g:6JsAAOSwRO5m0A3m&itmprp=enc%3AAQAJAAAA4Mxmj%2BiGvOveHXEBClPb29i%2FPASF4cBdjpMB2Ucz%2FpXtWqweIkpQh%2BW2yGVuwgogfBGrBBo%2FwwaH6Kf596oU9OUlDlL7yN%2FQMJ2QbW9CdH7CNN5zjVDDz1wGBugsAwsoqoQ4iqb5xOREL5prGO7BZAHTvOpS6z70JIhK%2FxUPNCjcOs8yubQLeJRi3m3VXudRFxNmPD5d76ULAV3%2FBknNh6fejx5AUem38yiQstI%2BKiySAqKwJ3vbK8bnV4hjDAlQTskYu5cyhzvEKkIjrbJd3WY8uccdXpBDJVxhL%2FTP2rge%7Ctkp%3ABFBM5J3F_udk,1,0,link
100,42,11/18/2024,16:33:52,Automotive Care & Detailing | eBay,https://www.ebay.com/b/Automotive-Care-Detailing/179448/bn_1880904,1,0,link
101,41,11/18/2024,16:33:46,Apple iPhone 16 A3081 Unlocked 128GB Ultramarine Excellent | eBay,https://www.ebay.com/itm/196813461540?_trkparms=amclksrc%3DITM%26aid%3D1110018%26algo%3DHOMESPLICE.COMPLISTINGS%26ao%3D1%26asc%3D277109%2C276749%26meid%3De9e73d6d43ad4e41b92b562e22cdd0e7%26pid%3D101196%26rk%3D2%26rkt%3D12%26sd%3D186783851472%26itm%3D196813461540%26pmt%3D1%26noa%3D0%26pg%3D2332490%26algv%3DCompVIDesktopATF2V6%26brand%3DApple&_trksid=p2332490.c101196.m2219&itmprp=cksum%3A196813461540e9e73d6d43ad4e41b92b562e22cdd0e7%7Cenc%3AAQAJAAABALx1mZQ2L9jLv%252BUPTFTna8XcGfl2wNJcn022gtZb5sDiwc0yeHC%252B5SQLImEugMd8fncBlfnfpw%252FK5QX52uaqZKj5PdnKwH0dfGN7jNcZjjotp7aEtvuuRrCpPbh%252BGGq1eLgRhJu4agNurhObLVydjXWgAauOVvOS0POwHC4rlPibS6p8zWLnATafc%252FPNCs8VsWY6%252BuWdzx8VmGsuUNhyeGPqymqkaPFUBfjH9pJbPHcBsGlS54WaG9WesrHcQbTUrLIeFE0WCwATSTI56xSiCKGBwqaIcTlcSOFo%252Bf%252B8VacPhWnLhz7xQZ9mhLQgV7uh%252BOdKCNPeGu6Fn30OaTfb98c%253D%7Campid%3APL_CLK%7Cclp%3A2332490&epid=4072668233&itmmeta=01JCZYGZ0DB6J4R5Y8KQTVXSM2,1,0,link
102,40,11/18/2024,16:33:40,Apple iPhone 16 A3081 Unlocked 256GB Ultramarine Excellent | eBay,https://www.ebay.com/itm/186783851472?_trkparms=amclksrc%3DITM%26aid%3D1110006%26algo%3DHOMESPLICE.SIM%26ao%3D1%26asc%3D277109%2C276749%26meid%3Df39e79fffe9f4632b9362bd864376174%26pid%3D101196%26rk%3D4%26rkt%3D5%26sd%3D305868624905%26itm%3D186783851472%26pmt%3D1%26noa%3D0%26pg%3D2332490%26algv%3DSimplAMLv5PairwiseWebWithBBEV2bAndUBSourceDemotionWithUltimatelyBoughtOfCoviewV1%26brand%3DApple&_trksid=p2332490.c101196.m2219&itmprp=cksum%3A186783851472f39e79fffe9f4632b9362bd864376174%7Cenc%3AAQAJAAABQJh9BGsXvPG03pKg78mUhLLErCJ%252BXOEYDkzTGJ85B4rSRXG6DGHfiL9UFpXuaOk%252FmuXW6x51j8YJMfy7doeYuyk9WZaRPkl%252FLlHN84X3%252FeYgVG3iucUQjkVp9Lf5uEN8Tka8%252F3N3WLJHr0reieCOWqT4Y85wTCtmWDj%252B5bbSA3WzMSmUCpHztm9b%252BJbdcEuY63zzjzhna46wP5ecxeE1N8RPCx7bGnK0pOwjaTt6wPPjBlVsmlGMNoyez%252Bo6%252BpAu%252BrJGpXrsZNhVYzyb0xgTCL0QvqDHOWFUyldd6KjKAVdHQfU8wnAVGtcEifP6Dkfjqso2Lh%252Fc7wu4QSPWrLPsw3%252BEwz%252ByvmhEG7zrysoovuc5%252FnoheK2YVy%252FgW2jVKD2jZl9idHhOS5PbDR6fM5DVN44e6yN9lE6%252BdSrGseJVfoUU%7Campid%3APL_CLK%7Cclp%3A2332490&epid=12071671652&itmmeta=01JCZYGW4PBP117DW7THT8T7ZN,1,0,link
103,39,11/18/2024,16:33:38,Samsung Galaxy S24 Ultra 5G (SM-S928B/DS) 512GB - International Unlocked - NEW! | eBay,https://www.ebay.com/itm/305868624905?_trkparms=amclksrc%3DITM%26aid%3D1110006%26algo%3DHOMESPLICE.SIM%26ao%3D1%26asc%3D277109%2C276749%26meid%3D32fbb0a9f9554212ada6650297a64b57%26pid%3D101196%26rk%3D2%26rkt%3D5%26sd%3D226428041050%26itm%3D305868624905%26pmt%3D1%26noa%3D0%26pg%3D2332490%26algv%3DSimplAMLv5PairwiseWebWithBBEV2bAndUBSourceDemotionWithUltimatelyBoughtOfCoviewV1%26brand%3DSamsung&_trksid=p2332490.c101196.m2219&itmprp=cksum%3A30586862490532fbb0a9f9554212ada6650297a64b57%7Cenc%3AAQAJAAABUJh9BGsXvPG03pKg78mUhLLErCJ%252BXOEYDkzTGJ85B4rSRXG6DGHfiL9UFpXuaOk%252FmuXW6x51j8YJMfy7doeYuyk9WZaRPkl%252FLlHN84X3%252FeYgVG3iucUQjkVp9Lf5uEN8TjUQBzn8Tx%252FhR%252FoG5pOUwCY8vF4nQhm3XL0s6u3xxXVDT84NUhMwhEWD4l4aeWYJzFgHPBQ4pdQYeJ9FDx4nmHaTj8Wj%252FrzEP3O0awaUNl6lRD1NLGV1KZtfULZcaHF2PzmBuxoxPqppKNtD8uRGcePmCv4ECX1pOZi0mpyzHeQI%252Fu5ihqQhRyZn6VpPngmFOIloP0RTdmrcYCuqlpOngCzif9xmIFXgEjGizP101gzvCLBUAaA1gphGvhH9SHqhfrCwg1mERXW%252FeEmYZ%252FQVyLgoPL5C0KozgLIBZpECsXukkB9BMbqh2xMcvYu5mAXb%252BQ%253D%253D%7Campid%3APL_CLK%7Cclp%3A2332490&epid=7064930794&itmmeta=01JCZYGSQ61SH40X2SC9BM5RM9,1,0,link
104,38,11/18/2024,16:33:35,🔥 Samsung Galaxy S24 Ultra 5G - Unlocked 🔥 256GB (SM-S928U) - All Colors - NEW | eBay,https://www.ebay.com/itm/226428041050?_skw=samsung+galaxy+s24+ultra&epid=13064914561&itmmeta=01JCZYGQTBD6R3SMK5BNK2V4XQ&hash=item34b829b75a%3Ag%3ABFcAAOSw2UhmfxfM&itmprp=enc%3AAQAJAAAA8HoV3kP08IDx%2BKZ9MfhVJKkuCx69lS5uJd%2B7ckRf%2BrK50vSTzJ%2BdDU61PIEp4t1sY4g2yTbY7QhEKESXZ2jhkOemcODdRqhuBJLybjX6YfN7UuU%2FbBWuaVtPlKySJOKjQbHS5%2BcemYaf6%2FWP6Cik2Iv1DQc2lMo00An9KXNX1stco4muIJ6S16f5HnBWw0T%2Bf4%2Fxf1ZIX0uqFM1w0RSU9BpF6T1o3PRW4yKXEaT0u0h7GSRXpkbPEtwe1ZxUPHaWRMcRgdsa%2BOfRFj0Yj9dVb9HMRstmm3JJOQcAvQIW0k4C0rlNs%2FbdcXKp0RZlSTmj4w%3D%3D%7Ctkp%3ABFBMoP3C_udk&var=525616958681,1,0,link
105,37,11/18/2024,16:33:33,Samsung Galaxy S24 Ultra for sale | eBay,https://www.ebay.com/sch/i.html?_from=R40&_trksid=p2332490.m570.l1311&_nkw=samsung+galaxy+s24+ultra&_sacat=0,1,0,form_submit
106,36,11/18/2024,16:33:27,Brand New Apple iPod Classic 7th 160GB 256GB 1TB Gen Best Gift Freeshipping | eBay,https://www.ebay.com/itm/395580422600?_skw=ipod&itmmeta=01JCZYGGKYFXFJVT90N3E7SMCF&hash=item5c1a6e39c8%3Ag%3AklgAAOSwL6Bl4yyL&itmprp=enc%3AAQAJAAAA4HoV3kP08IDx%2BKZ9MfhVJKkBZtbjU5t6AMmgV0oqAmT3QCuDmsDMWUTBM0m2x5Aqs%2F9uxQAyUtI70YMB%2BSvakrR6WMTiPcEr6UQ2sX%2Fbo%2BZE72WS%2FVhfNWyCOnI%2FpYsHZNm2OkSj5WhhThJHZJVJxsyArmDOJhVQIoY9shTYUXSG6V4c4MeRDhxNzg68aU4I1wkn0Rl%2FLBHSGU76Iyj1L311ccH778PRXThWTeg%2FXG3YjTBoOhksLndMEENJNXJeRa0i9RLctC3MGddoaxWH6uloxb2BnRwJgfmRhRxIhjIZ%7Ctkp%3ABFBMhorC_udk&var=664328064533,1,0,link
107,35,11/18/2024,16:33:25,iPod for sale | eBay,https://www.ebay.com/sch/i.html?_from=R40&_trksid=p2332490.m570.l1313&_nkw=ipod&_sacat=0,1,0,form_submit
108,34,11/18/2024,16:33:23,Apple Mac Pro 2013 CPU 4 Core INTEL XEON 3.7 GHZ 32 GB RAM 512 NVME 2 x D300 2GB | eBay,https://www.ebay.com/itm/256695848033?_skw=mac&itmmeta=01JCZYGBK19CR7V8N42Q80PWWF&hash=item3bc443cc61:g:dKgAAOSwQmplzbcu&itmprp=enc%3AAQAJAAAA4HoV3kP08IDx%2BKZ9MfhVJKmXeXU86fVkyBj9%2F8mJAKOoT42ajtdzuVUGh5H8Y3yQoDtIzAoQcXeO5SkXaoJJKRpl8ugfSpF9MOm%2FuCvXnzOTB8aJ916pmLh0gnbV%2BozHQkjh7Gc%2BXIAOJLmyf4GtaHlU%2Bad%2FpM%2Bbafpggem5ZYU--DwzZmMo5L%2BCAaZnqC2YiEc1X5MUJSAzMErMgXjZdNbFIOQzad7i27KR2VLKAcILqo4k1ptY13wEnAbnmHI31cfa2owP4BwcaV5fGfLwknRbulX6VVyM0KfhSRMddZkT%7Ctkp%3ABFBM8rnB_udk,1,0,link
109,33,11/18/2024,16:33:20,Mac for sale | eBay,https://www.ebay.com/sch/i.html?_from=R40&_trksid=p2332490.m570.l1313&_nkw=mac&_sacat=0,1,0,form_submit
110,32,11/18/2024,16:33:17,"APPLE MACBOOK PRO 13"" RETINA | 8GB *256GB NVME SSD* CORE i5 | eBay",https://www.ebay.com/itm/176607589695?_skw=macbook+pro&itmmeta=01JCZYG5TCRC66R9XVT32H6Q1Z&hash=item291ea1f53f:g:0zkAAOSwlTdnCB1Z&itmprp=enc%3AAQAJAAAA4HoV3kP08IDx%2BKZ9MfhVJKmXRItgSAidUDz72HXNrzcYBETtbLvDoso0O5dGO9kFw%2FrA6VpUtjnCIJNnycegLdolyGEWfFTYPRilb6X%2Fr7z1hXqoExP4vNWu7%2BxqZniSt0sN2zhH0MeURbcYFbNAgGJyv9ediM0YyQWbNqer8uFQW9DL9KTHJE4YnlecMlXQFpIh9Jz%2BfDferL9jTO0qbZKIJRXXKnKNlIv3bUuOH1YHTOPMIQ8PN3W7qtfF0PC%2FQDS2Pnt4YZ%2B8vuYovhAW1CeWAWBWnCaFaIGnwYlJQTaZ%7Ctkp%3ABFBMpN3A_udk,1,0,link
111,31,11/18/2024,16:33:14,MacBook Pro for sale | eBay,https://www.ebay.com/sch/i.html?_from=R40&_trksid=p2332490.m570.l1311&_nkw=macbook+pro&_sacat=0,1,0,form_submit
112,30,11/18/2024,16:33:10,Crushed Velvet Fabric Chesterfield Sleigh bed frame all sizes SINGLE DOUBLE KING | eBay,https://www.ebay.com/itm/293175287924?_trkparms=amclksrc%3DITM%26aid%3D1110018%26algo%3DHOMESPLICE.COMPLISTINGS%26ao%3D1%26asc%3D277109%2C276749%26meid%3D23e56059261f4d52934680a373d16aa0%26pid%3D101196%26rk%3D5%26rkt%3D12%26sd%3D276195386916%26itm%3D293175287924%26pmt%3D1%26noa%3D0%26pg%3D2332490%26algv%3DCompVIDesktopATF2V6%26brand%3DCloud%2BNine&_trksid=p2332490.c101196.m2219&itmprp=cksum%3A29317528792423e56059261f4d52934680a373d16aa0%7Cenc%3AAQAJAAABALx1mZQ2L9jLv%252BUPTFTna8XcGfl2wNJcn022gtZb5sDiv21URZrc1eVUPtdmN%252BJkYnUFJGeHi8Jy%252FGAfUifD9tMf%252BrC2iSkoweGSGcM0H8H9B5pgkGS%252FojZunDotQaBZF%252FOooo4jA90PwA3oY4Ss6igu89n3kgz2n9mXspmE19mCwiRUDPUCerWtbXwPz%252FoHUwokP9W5X%252FJQPcScAkosL2rFfcmY2bIyuDIfJt0xk9k37KVGz%252FaLBxwPYKtdKP%252FXlbrJ%252FHDcCYm%252Bf5EUA33kqeNXCKbvZ%252Fas4o98hr5OXmdMjdpwzl3BkM9Hab06PFKFytmv0mbqQL8Ucn9tJ1Xw2C0%253D%7Campid%3APL_CLK%7Cclp%3A2332490&itmmeta=01JCZYFXWSB166QTG021Q4DES0,1,0,link
113,29,11/18/2024,16:33:07,Extra Strong Metal Bed Frame Stylish Bedroom Single Double King Size Storage | eBay,https://www.ebay.com/itm/276195386916?_skw=bed&itmmeta=01JCZYFVX5SAPD50KE7J3Q9YZM&hash=item404e872624%3Ag%3AfUUAAOSw3RdnBk1M&itmprp=enc%3AAQAJAAAA4HoV3kP08IDx%2BKZ9MfhVJKmEOA3F5m0aZB1qUT%2BDRBz9vh66UWdPcx6%2FxphQYAJM%2BwLu%2BnWaNvdmiJmf8SFHn1mOTcq49hcM8uqRTmFvJT06tkM6PYMR2t%2FBi%2F%2BOhSPBx2lg6C67o%2BuKyutv%2FnL4kM3OjbCYXWLlIfK3HCriPaGwvFf%2Bm%2B%2FCe5QMrkZ%2FBh5cwB%2BeGG3MZ9DDDgaKUKNTr%2Bfu0ZiVvpPI3xOeGriTx4OBXMhsjJl8z4gaPdeCgOcuNGEW6E5OF1%2F8SFA%2FpTr6I46%2FTB%2B4SqkLwesJb7dpapnr%7Ctkp%3ABFBM2L6__udk&var=578574326245,1,0,link
114,28,11/18/2024,16:33:04,Bed for sale | eBay,https://www.ebay.com/sch/i.html?_from=R40&_trksid=p2332490.m570.l1313&_nkw=bed&_sacat=0,1,0,form_submit
115,27,11/18/2024,16:33:00,"Pokemon TCG Evolutions Booster Box, Card Game for children | eBay",https://www.ebay.com/itm/375784298236?itmmeta=01JCZYFM32X2HHNFNMANRNMT36&hash=item577e7d56fc%3Ag%3AqKwAAOSw6YlnMy9K&_trkparms=%2526rpp_cid%253D64ed23e319f0c6040b6422dd,1,0,link
116,26,11/18/2024,16:32:57,"Explore, collect, play! | eBay. From Pokémon to Magic to Star Wars.",https://www.ebay.com/e/row/ccgrow?_trkparms=parentrq%3A3fe7c2561930a6234f7a1664ffffc31c%7Cpageci%3A60a77441-a5c2-11ef-a197-ca545baf5362%7Cc%3A5%7Ciid%3A1%7Cli%3A8874,2,0,link
117,26,11/18/2024,16:32:56,"Explore, collect, play! | eBay. From Pokémon to Magic to Star Wars.",https://www.ebay.com/e/row/ccgrow?_trkparms=parentrq%3A3fe7c2561930a6234f7a1664ffffc31c%7Cpageci%3A60a77441-a5c2-11ef-a197-ca545baf5362%7Cc%3A5%7Ciid%3A1%7Cli%3A8874,2,0,link
118,12,11/18/2024,16:32:53,"Electronics, Cars, Fashion, Collectibles & More | eBay",https://www.ebay.com/,6,0,link
119,25,11/18/2024,16:32:51,Kobe 6 Protro Grinch- | eBay,https://www.ebay.com/itm/375732485510?_trkparms=amclksrc%3DITM%26aid%3D777008%26algo%3DPERSONAL.TOPIC%26ao%3D1%26asc%3D20230906152218%26meid%3D42fd5aab68e748a396d4bedcbdf8d605%26pid%3D101817%26rk%3D1%26rkt%3D1%26itm%3D375732485510%26pmt%3D1%26noa%3D1%26pg%3D4375194%26algv%3DPersonalizedTopicsV2WithSizeMsku&_trksid=p4375194.c101817.m47269&_trkparms=parentrq%3A3fe7ae721930a514ee7d2b16ffff39cd%7Cpageci%3A5d9c08c1-a5c2-11ef-9082-222ae81707c5%7Ciid%3A1%7Cvlpname%3Avlp_homepage,1,0,link
120,12,11/18/2024,16:32:48,"Electronics, Cars, Fashion, Collectibles & More | eBay",https://www.ebay.com/,6,0,link
121,24,11/18/2024,16:31:53,Export Chrome History - Chrome Web Store,https://chromewebstore.google.com/detail/export-chrome-history/dihloblpkeiddiaojbagoecedbfpifdj?pli=1,2,1,link
122,24,11/18/2024,16:31:52,Export Chrome History - Chrome Web Store,https://chromewebstore.google.com/detail/export-chrome-history/dihloblpkeiddiaojbagoecedbfpifdj?pli=1,2,1,typed
123,23,11/18/2024,15:55:16,Vintage & Antique Cameos | eBay,https://www.ebay.com/b/Vintage-Antique-Cameos/262005/bn_7117876164,1,0,link
124,22,11/18/2024,15:54:46,Vintage & Antique Jewelry | eBay,https://www.ebay.com/b/Vintage-Antique-Jewelry/262024/bn_16565712,1,0,link
125,21,11/18/2024,15:54:38,Collectibles & Art products for sale | eBay,https://www.ebay.com/b/Collectibles-Art/bn_7000259855,1,0,link
126,12,11/18/2024,15:54:35,"Electronics, Cars, Fashion, Collectibles & More | eBay",https://www.ebay.com/,6,0,link
127,20,11/18/2024,15:54:27,Fashion | eBay,https://www.ebay.com/b/Fashion/bn_7000259856,1,0,link
128,12,11/18/2024,15:54:14,"Electronics, Cars, Fashion, Collectibles & More | eBay",https://www.ebay.com/,6,0,link
129,19,11/18/2024,15:53:47,DSLR Cameras | eBay,https://www.ebay.com/b/DSLR-Cameras/31388/bn_732,1,0,link
130,18,11/18/2024,15:53:43,Cameras & Photo for sale | eBay,https://www.ebay.com/b/Cameras-Photo/625/bn_1865546,1,0,link
131,16,11/18/2024,15:53:38,Electronics products for sale | eBay,https://www.ebay.com/b/Electronics/bn_7000259124,2,0,link
132,17,11/18/2024,15:47:24,Portable Audio & Headphones | eBay,https://www.ebay.com/b/Portable-Audio-Headphones/15052/bn_1642614,1,0,link
133,16,11/18/2024,15:47:18,Electronics products for sale | eBay,https://www.ebay.com/b/Electronics/bn_7000259124,2,0,link
134,12,11/18/2024,15:47:14,"Electronics, Cars, Fashion, Collectibles & More | eBay",https://www.ebay.com/,6,0,link
135,15,11/18/2024,15:46:16,2024 New RC Drone With 4K HD Dual Camera WiFi FPV Foldable Quadcopter +4 Battery | eBay,https://www.ebay.com/itm/195677488838?epid=22059942601&itmmeta=01JCZVT2Q1JRY9NTBXPF1PV89K&hash=item2d8f4986c6:g:w~oAAOSw9mVkHj57&itmprp=enc%3AAQAJAAAA4Mxmj%2BiGvOveHXEBClPb29i8O4Gpn1wxWYCDbdRqR9wOeJQrYE%2FoMHI5uAy7tzKmdrqNzjkVARR0I8Q8RL%2BHlW9hsWNSP5xDy08nN6mPP3HOP%2FH2F4dDQAnqxh%2BfP1fEi0AadMGIRf0BoPRKbIjKDN2OOpQbFAm1aOvtcfk95uLpAwy7IccJJNeu4WVPxqpPRiuqtek1p4mHk59SOj93G05SXcmNV9w660sFDfI3pSf9u9Qao7Tkc0oXyPNfmrn8ZJ5kwWcnxeSFI3FD6LtrKIY3g8ko5VEBr8AreWmQmhGQ%7Ctkp%3ABFBMzKvo--dk,1,0,link
136,14,11/18/2024,15:46:14,"RC Model Vehicles, Toys & Control Line | eBay",https://www.ebay.com/b/RC-Model-Vehicles-Toys-Control-Line/2562/bn_1851704,1,0,link
137,13,11/18/2024,15:46:09,Toys & Hobbies products for sale | eBay,https://www.ebay.com/b/Toys-Hobbies/220/bn_1865497?_trkparms=parentrq%3A3fbcd7881930ab4c3f1c14acffffc3aa%7Cpageci%3Ad4327a73-a5bb-11ef-a510-12e73787a478%7Cc%3A7%7Ciid%3A1%7Cli%3A8874,2,0,link
138,13,11/18/2024,15:46:06,Toys & Hobbies products for sale | eBay,https://www.ebay.com/b/Toys-Hobbies/220/bn_1865497?_trkparms=parentrq%3A3fbcd7881930ab4c3f1c14acffffc3aa%7Cpageci%3Ad4327a73-a5bb-11ef-a510-12e73787a478%7Cc%3A7%7Ciid%3A1%7Cli%3A8874,2,0,link
139,12,11/18/2024,15:46:00,"Electronics, Cars, Fashion, Collectibles & More | eBay",https://www.ebay.com/,6,0,link
140,11,11/18/2024,15:08:11,s-l1600.webp (1200×1600),https://i.ebayimg.com/images/g/wCMAAOSwrcdnNvpw/s-l1600.webp,1,0,link
141,10,11/18/2024,14:43:52,Jordan 1 Retro OG High UNC Toe Blue | eBay,https://www.ebay.com/itm/135377626607?_skw=Jordan+1+Retro+OG+High+UNC+Toe&itmmeta=01JCZPTMBVD5D3JBH27F370VQ3&hash=item1f8522a5ef:g:wCMAAOSwrcdnNvpw&itmprp=enc%3AAQAJAAABAMxmj%2BiGvOveHXEBClPb29i14my7z1XVxIUiEK8kGIGBavpYapixlbFd2gFZPlykoONZTbi8VEjgJrPldinZ8rGVr%2Bj%2BzGugbbc%2BL%2BtHb6RVAuO5dMFRcHYHfL0ijZL1B%2BN6VZC4qW3UVGIDLX4FSOoWJ3hMATFB27mssxZ0tV4lIrwNYzQLABpI%2FRB1GZizgsARQbZf0clVq2%2Fwq20trc1fOucM%2B8xfWpyFxOx2ofwmu5pGps9SDZ6G83Jj6VeGjW%2FSfLwA5WUV6BgmjygiYqENIMubjqbJVKyE5dngcPaWUgOPuU64%2FUZx7O0jfk%2B9S4XASNe8btBLtr7XkJVuRno%3D%7Ctkp%3ABFBMgsbq9udk&var=434769404847,1,1,typed
142,3,11/18/2024,14:40:29,Downloads  |  ChromeDriver  |  Chrome for Developers,https://developer.chrome.com/docs/chromedriver/downloads,6,0,link
143,9,11/18/2024,14:40:29,,https://chromedriver.storage.googleapis.com/114.0.5735.90/notes.txt,2,0,link
144,9,11/18/2024,14:40:13,,https://chromedriver.storage.googleapis.com/114.0.5735.90/notes.txt,2,0,link
145,3,11/18/2024,14:40:13,Downloads  |  ChromeDriver  |  Chrome for Developers,https://developer.chrome.com/docs/chromedriver/downloads,6,0,link
146,3,11/18/2024,14:40:09,Downloads  |  ChromeDriver  |  Chrome for Developers,https://developer.chrome.com/docs/chromedriver/downloads,6,0,link
147,3,11/18/2024,14:40:08,Downloads  |  ChromeDriver  |  Chrome for Developers,https://developer.chrome.com/docs/chromedriver/downloads,6,0,link
148,8,11/18/2024,14:40:08,Documentation  |  ChromeDriver  |  Chrome for Developers,https://developer.chrome.com/docs/chromedriver/documentation,3,0,link
149,8,11/18/2024,14:40:05,Documentation  |  ChromeDriver  |  Chrome for Developers,https://developer.chrome.com/docs/chromedriver/documentation,3,0,link
150,8,11/18/2024,14:40:05,Documentation  |  ChromeDriver  |  Chrome for Developers,https://developer.chrome.com/docs/chromedriver/documentation,3,0,link
151,7,11/18/2024,14:40:05,Version selection  |  ChromeDriver  |  Chrome for Developers,https://developer.chrome.com/docs/chromedriver/downloads/version-selection,3,0,link
152,7,11/18/2024,14:40:03,Version selection  |  ChromeDriver  |  Chrome for Developers,https://developer.chrome.com/docs/chromedriver/downloads/version-selection,3,0,link
153,7,11/18/2024,14:40:03,Version selection  |  ChromeDriver  |  Chrome for Developers,https://developer.chrome.com/docs/chromedriver/downloads/version-selection,3,0,link
154,6,11/18/2024,14:40:03,Canary  |  ChromeDriver  |  Chrome for Developers,https://developer.chrome.com/docs/chromedriver/downloads/canary,3,0,link
155,6,11/18/2024,14:39:47,Canary  |  ChromeDriver  |  Chrome for Developers,https://developer.chrome.com/docs/chromedriver/downloads/canary,3,0,link
156,6,11/18/2024,14:39:46,Canary  |  ChromeDriver  |  Chrome for Developers,https://developer.chrome.com/docs/chromedriver/downloads/canary,3,0,link
157,4,11/18/2024,14:39:46,Downloads  |  ChromeDriver  |  Chrome for Developers,https://developer.chrome.com/docs/chromedriver/downloads#chromedriver_1140573590,4,0,link
158,4,11/18/2024,14:39:44,Downloads  |  ChromeDriver  |  Chrome for Developers,https://developer.chrome.com/docs/chromedriver/downloads#chromedriver_1140573590,4,0,link
159,5,11/18/2024,14:39:35,,https://chromedriver.storage.googleapis.com/113.0.5672.63/notes.txt,1,0,link
160,4,11/18/2024,14:39:35,Downloads  |  ChromeDriver  |  Chrome for Developers,https://developer.chrome.com/docs/chromedriver/downloads#chromedriver_1140573590,4,0,link
161,4,11/18/2024,14:39:09,Downloads  |  ChromeDriver  |  Chrome for Developers,https://developer.chrome.com/docs/chromedriver/downloads#chromedriver_1140573590,4,0,link
162,3,11/18/2024,14:39:09,Downloads  |  ChromeDriver  |  Chrome for Developers,https://developer.chrome.com/docs/chromedriver/downloads,6,0,link
163,3,11/18/2024,14:39:03,Downloads  |  ChromeDriver  |  Chrome for Developers,https://developer.chrome.com/docs/chromedriver/downloads,6,0,link
164,2,11/18/2024,14:39:03,ChromeDriver overview  |  Chrome for Developers,https://developer.chrome.com/docs/chromedriver/,2,0,link
165,2,11/18/2024,14:38:59,ChromeDriver overview  |  Chrome for Developers,https://developer.chrome.com/docs/chromedriver/,2,0,typed
